SMILES,Name,Cluster
CCC(=O)/N=C1\S[C@H]2CS(=O)(=O)C[C@@H]2N1c1ccc(Br)cc1,16741133,5
Cc1ccc(Cl)cc1N1/C(=N\C(=O)CCC(=O)O)S[C@H]2CS(=O)(=O)C[C@@H]21,101303273,2
CCCCC(=O)/N=C1/S[C@H]2CS(=O)(=O)C[C@@H]2N1c1cc(OC)ccc1OC,32504126,5
CCN(CC)c1ccc(N2/C(=N\C(=O)CC#N)S[C@H]3CS(=O)(=O)C[C@H]32)c(C)c1,101319242,5
CC[C@H](C)C(=O)/N=C1/S[C@H]2CS(=O)(=O)C[C@H]2N1c1ccc(OC)cc1OC,36638719,5
CCCCOc1cccc(N2/C(=N\C(=O)CC#N)S[C@@H]3CS(=O)(=O)C[C@H]32)c1,101310486,5
CC(=O)/N=C1\S[C@H]2CS(=O)(=O)C[C@@H]2N1c1ccc(Br)c(C)c1,16741027,5
CC[C@@H](C)C(=O)/N=C1/S[C@H]2CS(=O)(=O)C[C@@H]2N1c1cc(OC)ccc1OC,32504190,5
O=C(O)CCCC(=O)/N=C1/S[C@@H]2CS(=O)(=O)C[C@@H]2N1c1cccc(Cl)c1,101300893,2
Cc1cccc(C)c1N1/C(=N\C(=O)CCCC(=O)O)S[C@@H]2CS(=O)(=O)C[C@H]21,101309903,2
COCC(=O)/N=C1/S[C@@H]2CS(=O)(=O)C[C@H]2N1c1cc(Cl)ccc1Cl,101315917,5
CC(=O)/N=C1/S[C@@H]2CS(=O)(=O)C[C@@H]2N1c1ccc(Br)cc1F,101061331,5
O=C(/N=C1\S[C@H]2CS(=O)(=O)C[C@H]2N1c1cccc(Cl)c1)[C@@H]1CCCO1,17967322,5
CCN(CC)c1ccc(N2/C(=N\C(=O)CC#N)S[C@@H]3CS(=O)(=O)C[C@H]32)c(C)c1,101319244,5
CCC(CC)C(=O)/N=C1/S[C@H]2CS(=O)(=O)C[C@@H]2N1c1ccc2c(c1)OCO2,101318032,5
O=C(/N=C1/S[C@@H]2CS(=O)(=O)C[C@@H]2N1c1ccc(Br)cc1)C1CC1,101075781,5
COc1ccc(N2/C(=N\C(=O)C3CC3)S[C@@H]3CS(=O)(=O)C[C@@H]32)cc1Cl,101316302,5
Cc1cccc(C)c1N1/C(=N\C(=O)CCCC(=O)O)S[C@H]2CS(=O)(=O)C[C@@H]21,101309902,2
CC[C@H](C)C(=O)/N=C1/S[C@@H]2CS(=O)(=O)C[C@H]2N1c1cc(OC)ccc1OC,245228920,5
N#CCC(=O)/N=C1/S[C@@H]2CS(=O)(=O)C[C@@H]2N1c1ccc(OC(F)(F)F)cc1,101315701,5
CCCCC(=O)/N=C1/S[C@H]2CS(=O)(=O)C[C@H]2N1c1cc(OC)ccc1OC,32504130,5
N#CCC(=O)/N=C1/S[C@H]2CS(=O)(=O)C[C@@H]2N1c1ccccc1C(F)(F)F,101308474,5
COCC(=O)/N=C1/S[C@@H]2CS(=O)(=O)C[C@@H]2N1c1cc(Cl)ccc1Cl,101315918,5
Cc1cccc(N2/C(=N\C(=O)CCCC(=O)O)S[C@H]3CS(=O)(=O)C[C@H]32)c1C,101310643,2
COCC(=O)/N=C1/S[C@@H]2CS(=O)(=O)C[C@@H]2N1c1c(Cl)cccc1Cl,101303829,5
CC(=O)/N=C1\S[C@H]2CS(=O)(=O)C[C@H]2N1c1ccc(Br)c(C)c1,16741029,5
COc1ccc(OC)c(N2/C(=N\C(=O)C(C)(C)C)S[C@H]3CS(=O)(=O)C[C@@H]32)c1,32504110,5
Cc1ccc(N2/C(=N\C(=O)CCCC(=O)O)S[C@H]3CS(=O)(=O)C[C@H]32)cc1C,101318111,2
Cc1ccc(C)c(N2/C(=N\C(=O)CCCC(=O)O)S[C@H]3CS(=O)(=O)C[C@@H]32)c1,101312907,2
COCC(=O)/N=C1/S[C@H]2CS(=O)(=O)C[C@@H]2N1c1cc(Cl)ccc1Cl,101315915,5
COc1ccc(N2/C(=N\C(=O)C(C)(C)C)S[C@@H]3CS(=O)(=O)C[C@H]32)c(OC)c1,32506933,5
COc1ccc(OC)c(N2/C(=N\C(=O)CC(C)C)S[C@H]3CS(=O)(=O)C[C@H]32)c1,101304571,5
CCC(=O)/N=C1/S[C@@H]2CS(=O)(=O)C[C@H]2N1c1cccc(Br)c1,32634578,5
CCc1cccc(CC)c1N1/C(=N\C(=O)CCC(=O)O)S[C@H]2CS(=O)(=O)C[C@H]21,101316998,2
Cc1cccc(N2/C(=N\C(=O)CCCC(=O)O)S[C@H]3CS(=O)(=O)C[C@@H]32)c1C,101310645,2
CC[C@H](C)C(=O)/N=C1/S[C@@H]2CS(=O)(=O)C[C@H]2N1c1ccc(OC)cc1OC,245228985,5
COc1ccc(OC)c(N2/C(=N\C(=O)CC(C)C)S[C@H]3CS(=O)(=O)C[C@@H]32)c1,101304575,5
CCCCC(=O)/N=C1/S[C@@H]2CS(=O)(=O)C[C@@H]2N1c1ccc(OC)cc1OC,32506939,5
CCC(=O)/N=C1\S[C@@H]2CS(=O)(=O)C[C@H]2N1c1ccc(Br)cc1,16741134,5
CC[C@H](C)C(=O)/N=C1/S[C@H]2CS(=O)(=O)C[C@H]2N1c1cc(OC)ccc1OC,36638580,5
N#CCC(=O)/N=C1/S[C@@H]2CS(=O)(=O)C[C@H]2N1c1ccccc1C(F)(F)F,101308479,5
COc1ccc(N2/C(=N\C(=O)CC(C)C)S[C@H]3CS(=O)(=O)C[C@H]32)c(OC)c1,5341734,5
O=C(O)CCCC(=O)/N=C1/S[C@H]2CS(=O)(=O)C[C@@H]2N1c1ccccc1Cl,101299095,2
N#CCC(=O)/N=C1/S[C@@H]2CS(=O)(=O)C[C@H]2N1c1ccc(OC(F)(F)F)cc1,101315700,5
O=C(/N=C1\S[C@H]2CS(=O)(=O)C[C@H]2N1c1ccc(Cl)cc1)[C@@H]1CCCO1,15894436,5
Cc1ccc(N2/C(=N\C(=O)CCCC(=O)O)S[C@@H]3CS(=O)(=O)C[C@H]32)cc1C,101318118,2
O=C(O)CCCC(=O)/N=C1/S[C@H]2CS(=O)(=O)C[C@H]2N1c1ccccc1Cl,101299091,2
CCC(=O)/N=C1/S[C@@H]2CS(=O)(=O)C[C@@H]2N1c1cccc(Br)c1,32634576,5
CC(C)c1ccccc1N1/C(=N\C(=O)CCC(=O)O)S[C@@H]2CS(=O)(=O)C[C@H]21,101316580,2
COCC(=O)/N=C1/S[C@@H]2CS(=O)(=O)C[C@H]2N1c1c(Cl)cccc1Cl,101303825,5
COc1ccc(N2/C(=N\C(=O)C(C)(C)C)S[C@@H]3CS(=O)(=O)C[C@@H]32)c(OC)c1,101312609,5
CC[C@@H](C)C(=O)/N=C1/S[C@H]2CS(=O)(=O)C[C@@H]2N1c1ccc(OC)cc1OC,32507002,5
O=C(/N=C1/S[C@@H]2CS(=O)(=O)C[C@@H]2N1c1cccc(Br)c1)C1CC1,101104076,5
CCC(=O)/N=C1/S[C@H]2CS(=O)(=O)C[C@@H]2N1c1cccc(Br)c1,32634577,5
CCN(CC)c1ccc(N2/C(=N\C(=O)CC#N)S[C@H]3CS(=O)(=O)C[C@H]32)cc1,101301367,5
COCC(=O)/N=C1/S[C@H]2CS(=O)(=O)C[C@@H]2N1c1ccc(Cl)cc1Cl,101308830,5
COCC(=O)/N=C1/S[C@@H]2CS(=O)(=O)C[C@@H]2N1c1ccc(Cl)cc1Cl,101308837,5
CCN(CC)c1ccc(N2/C(=N\C(=O)CC#N)S[C@@H]3CS(=O)(=O)C[C@H]32)cc1,101301371,5
Cc1ccc(Cl)cc1N1/C(=N\C(=O)CCC(=O)O)S[C@@H]2CS(=O)(=O)C[C@@H]21,101303281,2
O=C(O)CCCC(=O)/N=C1/S[C@@H]2CS(=O)(=O)C[C@@H]2N1c1ccccc1Cl,101299104,2
COc1ccc(N2/C(=N\C(=O)C3CC3)S[C@H]3CS(=O)(=O)C[C@@H]32)cc1Cl,101316300,5
O=C(/N=C1\S[C@H]2CS(=O)(=O)C[C@@H]2N1c1cccc(Cl)c1)[C@H]1CCCO1,105349850,5
O=C(/N=C1/S[C@H]2CS(=O)(=O)C[C@H]2N1c1cccc(Br)c1)C1CC1,101104071,5
CCN(CC)c1ccc(N2/C(=N\C(=O)CC#N)S[C@H]3CS(=O)(=O)C[C@@H]32)c(C)c1,101319243,5
COCC(=O)/N=C1/S[C@H]2CS(=O)(=O)C[C@H]2N1c1ccc(Cl)cc1Cl,101308826,5
O=C(/N=C1\S[C@H]2CS(=O)(=O)C[C@@H]2N1c1cccc(Cl)c1)[C@@H]1CCCO1,15894449,5
CCN(CC)c1ccc(N2/C(=N\C(=O)CC#N)S[C@@H]3CS(=O)(=O)C[C@@H]32)c(C)c1,101319245,5
CCc1cccc(CC)c1N1/C(=N\C(=O)CCC(=O)O)S[C@@H]2CS(=O)(=O)C[C@@H]21,101317005,2
O=C(COc1ccccc1)/N=C1/S[C@@H]2CS(=O)(=O)C[C@@H]2N1c1ccccc1,101310876,5
COc1ccc(N2/C(=N\C(=O)C3CC3)S[C@@H]3CS(=O)(=O)C[C@H]32)cc1Cl,101316301,5
O=C(COc1ccccc1)/N=C1/S[C@H]2CS(=O)(=O)C[C@H]2N1c1ccccc1,5302785,5
N#CCC(=O)/N=C1/S[C@H]2CS(=O)(=O)C[C@@H]2N1c1cccc(C(F)(F)F)c1,101311449,5
CCC(CC)C(=O)/N=C1/S[C@@H]2CS(=O)(=O)C[C@H]2N1c1ccc2c(c1)OCO2,101318033,5
N#CCC(=O)/N=C1/S[C@@H]2CS(=O)(=O)C[C@@H]2N1c1cccc(C(F)(F)F)c1,101311452,5
CC(C)c1ccc(N2/C(=N\C(=O)CCC(=O)O)S[C@H]3CS(=O)(=O)C[C@H]32)cc1,101302219,2
CCc1cccc(CC)c1N1/C(=N\C(=O)CCC(=O)O)S[C@H]2CS(=O)(=O)C[C@@H]21,101317000,2
Cc1ccc(C)c(N2/C(=N\C(=O)CCCC(=O)O)S[C@@H]3CS(=O)(=O)C[C@@H]32)c1,101312911,2
CC(C)c1ccccc1N1/C(=N\C(=O)CCC(=O)O)S[C@H]2CS(=O)(=O)C[C@@H]21,101316579,2
O=C(COc1ccccc1)/N=C1/S[C@H]2CS(=O)(=O)C[C@@H]2N1c1ccccc1,15894463,5
O=C(COc1ccccc1)/N=C1/S[C@@H]2CS(=O)(=O)C[C@H]2N1c1ccccc1,101310875,5
Cc1cc(C)cc(N2/C(=N\C(=O)CCCC(=O)O)S[C@@H]3CS(=O)(=O)C[C@H]32)c1,101309336,2
CC[C@@H](C)C(=O)/N=C1\S[C@@H]2CS(=O)(=O)C[C@@H]2N1c1ccc2c(c1)OCCO2,105349055,5
COc1ccc(OC)c(N2/C(=N\C(=O)CC(C)C)S[C@@H]3CS(=O)(=O)C[C@@H]32)c1,101304581,5
N#CCC(=O)/N=C1/S[C@H]2CS(=O)(=O)C[C@H]2N1c1ccc(OC(F)(F)F)cc1,101315693,5
N#CCC(=O)/N=C1/S[C@@H]2CS(=O)(=O)C[C@@H]2N1c1ccccc1C(F)(F)F,101308481,5
COc1ccc(N2/C(=N\C(=O)C(C)(C)C)S[C@H]3CS(=O)(=O)C[C@@H]32)c(OC)c1,32506931,5
CC[C@H](C)C(=O)/N=C1/S[C@@H]2CS(=O)(=O)C[C@@H]2N1c1ccc(OC)cc1OC,32507001,5
O=C(/N=C1\S[C@H]2CS(=O)(=O)C[C@@H]2N1c1ccc(Cl)cc1)[C@@H]1CCCO1,17721023,5
CCCCOc1cccc(N2/C(=N\C(=O)CC#N)S[C@H]3CS(=O)(=O)C[C@H]32)c1,101310482,5
CCC(CC)C(=O)/N=C1/S[C@H]2CS(=O)(=O)C[C@H]2N1c1ccc2c(c1)OCO2,101318031,5
COc1ccc(OC)c(N2/C(=N\C(=O)C(C)(C)C)S[C@@H]3CS(=O)(=O)C[C@@H]32)c1,32504114,5
N#CCC(=O)/N=C1/S[C@H]2CS(=O)(=O)C[C@H]2N1c1ccccc1C(F)(F)F,101308470,5
COc1ccc(OC)c(N2/C(=N\C(=O)C(C)(C)C)S[C@H]3CS(=O)(=O)C[C@H]32)c1,32504108,5
COc1ccc(N2/C(=N\C(=O)CC(C)C)S[C@@H]3CS(=O)(=O)C[C@H]32)c(OC)c1,101312725,5
CCCCOc1cccc(N2/C(=N\C(=O)CC#N)S[C@@H]3CS(=O)(=O)C[C@@H]32)c1,101310489,5
CCCCOc1cccc(N2/C(=N\C(=O)COC)S[C@H]3CS(=O)(=O)C[C@@H]32)c1,101310529,5
CC(C)c1ccc(N2/C(=N\C(=O)CCC(=O)O)S[C@@H]3CS(=O)(=O)C[C@H]32)cc1,101302226,2
COCC(=O)/N=C1/S[C@H]2CS(=O)(=O)C[C@H]2N1c1c(Cl)cccc1Cl,101303817,5
CCCCOc1cccc(N2/C(=N\C(=O)CC#N)S[C@H]3CS(=O)(=O)C[C@@H]32)c1,101310484,5
CC(C)c1ccc(N2/C(=N\C(=O)CCC(=O)O)S[C@@H]3CS(=O)(=O)C[C@@H]32)cc1,101302232,2
Cc1ccc(Cl)cc1N1/C(=N\C(=O)CCC(=O)O)S[C@H]2CS(=O)(=O)C[C@H]21,101303266,2
CCCCOc1cccc(N2/C(=N\C(=O)COC)S[C@@H]3CS(=O)(=O)C[C@@H]32)c1,101310532,5
Cc1cccc(N2/C(=N\C(=O)CCCC(=O)O)S[C@@H]3CS(=O)(=O)C[C@@H]32)c1C,101310649,2
O=C(/N=C1/S[C@H]2CS(=O)(=O)C[C@H]2N1c1ccc(Br)cc1)C1CC1,101075776,5
O=C(O)CCCC(=O)/N=C1/S[C@H]2CS(=O)(=O)C[C@H]2N1c1cccc(Cl)c1,101300889,2
Cc1ccc(N2/C(=N\C(=O)CCCC(=O)O)S[C@@H]3CS(=O)(=O)C[C@@H]32)cc1C,101318119,2
CCN(CC)c1ccc(N2/C(=N\C(=O)CC#N)S[C@H]3CS(=O)(=O)C[C@@H]32)cc1,101301368,5
COc1ccc(OC)c(N2/C(=N\C(=O)C(C)(C)C)S[C@@H]3CS(=O)(=O)C[C@H]32)c1,32504112,5
CCc1cccc(CC)c1N1/C(=N\C(=O)CCC(=O)O)S[C@@H]2CS(=O)(=O)C[C@H]21,101317003,2
Cc1ccc(N2/C(=N\C(=O)CCCC(=O)O)S[C@H]3CS(=O)(=O)C[C@@H]32)cc1C,101318114,2
CC(=O)/N=C1\S[C@@H]2CS(=O)(=O)C[C@H]2N1c1ccc(Br)c(C)c1,16741028,5
CCN(CC)c1ccc(N2/C(=N\C(=O)CC#N)S[C@@H]3CS(=O)(=O)C[C@@H]32)cc1,101301376,5
CCC(=O)/N=C1/S[C@H]2CS(=O)(=O)C[C@H]2N1c1cccc(Br)c1,32634579,5
COc1ccc(N2/C(=N\C(=O)CC(C)C)S[C@@H]3CS(=O)(=O)C[C@@H]32)c(OC)c1,101312727,5
Cc1cc(C)cc(N2/C(=N\C(=O)CCCC(=O)O)S[C@@H]3CS(=O)(=O)C[C@@H]32)c1,101309337,2
CC[C@H](C)C(=O)/N=C1/S[C@@H]2CS(=O)(=O)C[C@@H]2N1c1cc(OC)ccc1OC,32504188,5
CC[C@@H](C)C(=O)/N=C1/S[C@H]2CS(=O)(=O)C[C@H]2N1c1ccc(OC)cc1OC,36638717,5
Cc1ccc(Cl)cc1N1/C(=N\C(=O)CCC(=O)O)S[C@@H]2CS(=O)(=O)C[C@H]21,101303278,2
N#CCC(=O)/N=C1/S[C@H]2CS(=O)(=O)C[C@@H]2N1c1ccc(OC(F)(F)F)cc1,101315697,5
COCC(=O)/N=C1/S[C@H]2CS(=O)(=O)C[C@@H]2N1c1c(Cl)cccc1Cl,101303821,5
COc1ccc(N2/C(=N\C(=O)C(C)(C)C)S[C@H]3CS(=O)(=O)C[C@H]32)c(OC)c1,32506929,5
Cc1cc(C)cc(N2/C(=N\C(=O)CCCC(=O)O)S[C@H]3CS(=O)(=O)C[C@H]32)c1,101309334,2
Cc1cccc(N2/C(=N\C(=O)CCCC(=O)O)S[C@@H]3CS(=O)(=O)C[C@H]32)c1C,101310647,2
CCCCC(=O)/N=C1/S[C@H]2CS(=O)(=O)C[C@H]2N1c1ccc(OC)cc1OC,32506943,5
CCC(=O)/N=C1\S[C@H]2CS(=O)(=O)C[C@H]2N1c1ccc(Br)cc1,16741135,5
Cc1ccc(C)c(N2/C(=N\C(=O)CCCC(=O)O)S[C@@H]3CS(=O)(=O)C[C@H]32)c1,101312909,2
Cc1cccc(C)c1N1/C(=N\C(=O)CCCC(=O)O)S[C@@H]2CS(=O)(=O)C[C@@H]21,101309906,2
CCCCC(=O)/N=C1/S[C@@H]2CS(=O)(=O)C[C@@H]2N1c1cc(OC)ccc1OC,32504124,5
CCC(CC)C(=O)/N=C1/S[C@@H]2CS(=O)(=O)C[C@@H]2N1c1ccc2c(c1)OCO2,101318034,5
CC[C@@H](C)C(=O)/N=C1/S[C@H]2CS(=O)(=O)C[C@H]2N1c1cc(OC)ccc1OC,36638578,5
Cc1cc(C)cc(N2/C(=N\C(=O)CCCC(=O)O)S[C@H]3CS(=O)(=O)C[C@@H]32)c1,101309335,2
CC(C)c1ccccc1N1/C(=N\C(=O)CCC(=O)O)S[C@H]2CS(=O)(=O)C[C@H]21,101316578,2
O=C(O)CCCC(=O)/N=C1/S[C@@H]2CS(=O)(=O)C[C@H]2N1c1ccccc1Cl,101299099,2
O=C(O)CCCC(=O)/N=C1/S[C@H]2CS(=O)(=O)C[C@@H]2N1c1cccc(Cl)c1,101300891,2
CC(C)c1ccccc1N1/C(=N\C(=O)CCC(=O)O)S[C@@H]2CS(=O)(=O)C[C@@H]21,101316582,2
CC[C@H](C)C(=O)/N=C1/S[C@H]2CS(=O)(=O)C[C@@H]2N1c1ccc(OC)cc1OC,32507004,5
CC(=O)/N=C1/S[C@H]2CS(=O)(=O)C[C@H]2N1c1ccc(Br)cc1F,101061327,5
CCCCC(=O)/N=C1/S[C@H]2CS(=O)(=O)C[C@@H]2N1c1ccc(OC)cc1OC,32506940,5
CC(C)c1ccc(N2/C(=N\C(=O)CCC(=O)O)S[C@H]3CS(=O)(=O)C[C@@H]32)cc1,101302222,2
N#CCC(=O)/N=C1/S[C@@H]2CS(=O)(=O)C[C@H]2N1c1cccc(C(F)(F)F)c1,101311451,5
O=C(/N=C1/S[C@H]2CS(=O)(=O)C[C@@H]2N1c1cccc(Br)c1)C1CC1,101104072,5
CC(=O)/N=C1/S[C@@H]2CS(=O)(=O)C[C@H]2N1c1ccc(Br)cc1F,101061330,5
N#CCC(=O)/N=C1/S[C@H]2CS(=O)(=O)C[C@H]2N1c1cccc(C(F)(F)F)c1,101311445,5
COCC(=O)/N=C1/S[C@H]2CS(=O)(=O)C[C@H]2N1c1cc(Cl)ccc1Cl,101315913,5
CC(=O)/N=C1/S[C@H]2CS(=O)(=O)C[C@@H]2N1c1ccc(Br)cc1F,101061329,5
COCC(=O)/N=C1/S[C@@H]2CS(=O)(=O)C[C@H]2N1c1ccc(Cl)cc1Cl,101308834,5
O=C(O)CCCC(=O)/N=C1/S[C@@H]2CS(=O)(=O)C[C@H]2N1c1cccc(Cl)c1,101300892,2
Cc1cccc(C)c1N1/C(=N\C(=O)CCCC(=O)O)S[C@H]2CS(=O)(=O)C[C@H]21,101309900,2
CC[C@@H](C)C(=O)/N=C1\S[C@H]2CS(=O)(=O)C[C@@H]2N1c1ccc2c(c1)OCCO2,5267305,5
CC[C@H](C)C(=O)/N=C1/S[C@H]2CS(=O)(=O)C[C@@H]2N1c1cc(OC)ccc1OC,32504192,5
CCCCC(=O)/N=C1/S[C@@H]2CS(=O)(=O)C[C@H]2N1c1cc(OC)ccc1OC,32504128,5
COc1ccc(N2/C(=N\C(=O)C3CC3)S[C@H]3CS(=O)(=O)C[C@H]32)cc1Cl,101316299,5
CCCCOc1cccc(N2/C(=N\C(=O)COC)S[C@H]3CS(=O)(=O)C[C@H]32)c1,101310526,5
COc1ccc(N2/C(=N\C(=O)CC(C)C)S[C@H]3CS(=O)(=O)C[C@@H]32)c(OC)c1,5341735,5
O=C(/N=C1/S[C@H]2CS(=O)(=O)C[C@@H]2N1c1ccc(Br)cc1)C1CC1,101075778,5
CCCCOc1cccc(N2/C(=N\C(=O)COC)S[C@@H]3CS(=O)(=O)C[C@H]32)c1,101310530,5
COc1ccc(OC)c(N2/C(=N\C(=O)CC(C)C)S[C@@H]3CS(=O)(=O)C[C@H]32)c1,101304577,5
CCCCC(=O)/N=C1/S[C@@H]2CS(=O)(=O)C[C@H]2N1c1ccc(OC)cc1OC,32506942,5
O=C(/N=C1/S[C@@H]2CS(=O)(=O)C[C@H]2N1c1cccc(Br)c1)C1CC1,101104075,5
CC[C@@H](C)C(=O)/N=C1\S[C@H]2CS(=O)(=O)C[C@H]2N1c1ccc2c(c1)OCCO2,5267300,5
O=C(/N=C1/S[C@@H]2CS(=O)(=O)C[C@H]2N1c1ccc(Br)cc1)C1CC1,101075779,5
O=C(/N=C1\S[C@H]2CS(=O)(=O)C[C@@H]2N1c1ccc(Cl)cc1)[C@H]1CCCO1,105350032,5
Cc1ccc(C)c(N2/C(=N\C(=O)CCCC(=O)O)S[C@H]3CS(=O)(=O)C[C@H]32)c1,101312903,2
O=C(O)CCCC(=O)/N=C1\S[C@H]2CS(=O)(=O)C[C@@H]2N1c1cccc(Cl)c1,5489342,2
O=C(COc1ccccc1)/N=C1\S[C@H]2CS(=O)(=O)C[C@H]2N1c1ccccc1,95915227,5
CCN(CC)c1ccc(N2/C(=N/C(=O)CC#N)S[C@@H]3CS(=O)(=O)C[C@H]32)cc1,6659764,5
COc1ccc(OC)c(N2/C(=N/C(=O)CC(C)C)S[C@@H]3CS(=O)(=O)C[C@H]32)c1,5377396,5
O=C(COc1ccccc1)/N=C1\S[C@@H]2CS(=O)(=O)C[C@H]2N1c1ccccc1,5302799,5
Cc1cc(C)c(N2/C(=N/C(=O)CCCC(=O)O)S[C@@H]3CS(=O)(=O)C[C@@H]32)c(C)c1,6498697,2
O=C(/N=C1\S[C@H]2CS(=O)(=O)C[C@H]2N1c1ccc(Br)cc1)C1CC1,8994067,5
Cc1ccc(Cl)cc1N1/C(=N/C(=O)CCC(=O)O)S[C@@H]2CS(=O)(=O)C[C@@H]21,5516513,2
COCC(=O)/N=C1/S[C@@H]2CS(=O)(=O)C[C@@H]2N1c1ccc(Cl)c(Cl)c1,101314497,5
CC(C)(C)CC(=O)/N=C1\S[C@@H]2CS(=O)(=O)C[C@@H]2N1c1ccc2c(c1)OCO2,5345036,5
COCC(=O)/N=C1\S[C@@H]2CS(=O)(=O)C[C@H]2N1c1cc(Cl)cc(Cl)c1,5323577,5
CCC(CC)C(=O)/N=C1\S[C@@H]2CS(=O)(=O)C[C@H]2N1c1ccc2c(c1)OCCO2,9242781,5
CCC(CC)C(=O)/N=C1\S[C@@H]2CS(=O)(=O)C[C@@H]2N1c1ccc2c(c1)OCCO2,9243812,5
Cc1cc(C)c(N2/C(=N/C(=O)CCCC(=O)O)S[C@H]3CS(=O)(=O)C[C@@H]32)c(C)c1,13115544,2
COCC(=O)/N=C1\S[C@H]2CS(=O)(=O)C[C@@H]2N1c1c(Cl)cccc1Cl,6658849,5
O=C(/N=C1\S[C@H]2CS(=O)(=O)C[C@H]2N1c1cccc(Br)c1)C1CC1,8995186,5
N#CCC(=O)/N=C1\S[C@@H]2CS(=O)(=O)C[C@@H]2N1c1ccc(OC(F)(F)F)cc1,9450550,5
COCC(=O)/N=C1\S[C@@H]2CS(=O)(=O)C[C@H]2N1c1cccc(Cl)c1Cl,5322574,5
CCC(CC)C(=O)/N=C1\S[C@@H]2CS(=O)(=O)C[C@@H]2N1c1ccc2c(c1)OCO2,5377355,5
CC(C)(C)CC(=O)/N=C1\S[C@H]2CS(=O)(=O)C[C@@H]2N1c1ccc2c(c1)OCCO2,8974917,5
O=C(O)CCCC(=O)/N=C1\S[C@@H]2CS(=O)(=O)C[C@H]2N1c1ccc(Cl)cc1,5516375,2
CCCCOc1cccc(N2/C(=N/C(=O)CC#N)S[C@H]3CS(=O)(=O)C[C@@H]32)c1,8993491,5
Cc1cc(C)cc(N2/C(=N/C(=O)CCCC(=O)O)S[C@H]3CS(=O)(=O)C[C@@H]32)c1,5489067,2
COCC(=O)/N=C1/S[C@H]2CS(=O)(=O)C[C@@H]2N1c1cccc(Cl)c1Cl,95481046,5
O=C(/N=C1\S[C@@H]2CS(=O)(=O)C[C@@H]2N1c1ccc(Cl)cc1)[C@H]1CCCO1,105350037,5
Cc1ccc(N2/C(=N/C(=O)CCCC(=O)O)S[C@@H]3CS(=O)(=O)C[C@@H]32)cc1C,5516533,2
O=C(COc1ccccc1)/N=C1\S[C@@H]2CS(=O)(=O)C[C@@H]2N1c1ccccc1,15894462,5
CCN(CC)c1ccc(N2/C(=N/C(=O)CC#N)S[C@@H]3CS(=O)(=O)C[C@@H]32)cc1,6659765,5
COc1ccc(N2/C(=N/C(=O)C3CC3)S[C@@H]3CS(=O)(=O)C[C@H]32)cc1Cl,6660122,5
Cc1cccc(N2/C(=N/C(=O)CCCC(=O)O)S[C@@H]3CS(=O)(=O)C[C@@H]32)c1C,5341656,2
Cc1ccc(C)c(N2/C(=N/C(=O)CCCC(=O)O)S[C@H]3CS(=O)(=O)C[C@@H]32)c1,5488655,2
COCC(=O)/N=C1/S[C@H]2CS(=O)(=O)C[C@H]2N1c1cc(Cl)cc(Cl)c1,102611682,5
O=C(COc1ccccc1)/N=C1\S[C@H]2CS(=O)(=O)C[C@@H]2N1c1ccccc1,95915228,5
CC[C@H](C)C(=O)/N=C1/S[C@@H]2CS(=O)(=O)C[C@H]2N1c1ccc2c(c1)OCCO2,245324842,5
C=C[C@@H]1[C@@H](O[C@H]2O[C@@H](CO)[C@@H](O)[C@@H](O)[C@H]2O)OC=C(C(=O)O)[C@@H]1CC(=O)O,34235761,0
COC(=O)C1=CO[C@@H](O[C@@H]2O[C@H](CO)[C@H](O)[C@H](O)[C@@H]2O)[C@H]2[C@@H]1C[C@H](O)[C@@H]2C,4104828,0
COC(=O)C1=CO[C@H](O[C@@H]2O[C@H](CO)[C@@H](O)[C@H](O)[C@H]2O)[C@@H]2[C@H](C)C(=O)C[C@@H]12,67912736,0
COC(=O)C1=CO[C@H](O[C@H]2O[C@H](CO)[C@H](O)[C@H](O)[C@H]2O)[C@H]2[C@H](C)CC(=O)[C@@H]12,106754598,0
COC(=O)C1=CO[C@H](O[C@@H]2O[C@H](CO)[C@@H](O)[C@H](O)[C@H]2O)[C@@H]2[C@@H]1C[C@@H](O)[C@@H]2C,103214651,0
COC(=O)C1=CO[C@@H](O[C@@H]2O[C@H](CO)[C@@H](O)[C@H](O)[C@H]2O)[C@H]2[C@H]1CC[C@]2(C)O,34166788,0
C[C@@H]1[C@H](O)C[C@H]2C(C(=O)O)=CO[C@H](O[C@H]3O[C@@H](CO)[C@H](O)[C@@H](O)[C@@H]3O)[C@@H]12,1529054541,0
COC(=O)C1=CO[C@@H](O[C@H]2O[C@@H](CO)[C@@H](O)[C@@H](O)[C@H]2O)[C@@H]2[C@H](C)[C@@H](O)C[C@@H]12,36377990,0
COC(=O)C1=CO[C@H](O[C@H]2O[C@H](CO)[C@H](O)[C@H](O)[C@@H]2O)[C@H]2[C@H](C)CC(=O)[C@@H]12,4082213,0
C=C[C@@H]1[C@@H](O[C@H]2O[C@@H](CO)[C@H](O)[C@@H](O)[C@@H]2O)OC=C(C(=O)OC)[C@@H]1CC=O,1529302,0
O=C(O)C1=CO[C@H](O[C@H]2O[C@@H](CO)[C@@H](O)[C@@H](O)[C@H]2O)[C@@H]2[C@H]1C=C[C@@]2(O)CO,71404494,0
COC(=O)C1=CO[C@@H](O[C@@H]2O[C@H](CO)[C@@H](O)[C@H](O)[C@H]2O)[C@@H]2[C@@H]1C[C@@H](O)[C@@H]2C,103214646,0
C[C@]1(O)CC[C@@H]2C(C(=O)O)=CO[C@@H](O[C@@H]3O[C@H](CO)[C@@H](O)[C@H](O)[C@H]3O)[C@@H]21,28538287,0
COC(=O)C1=CO[C@H](O[C@H]2O[C@@H](CO)[C@H](O)[C@@H](O)[C@@H]2O)[C@H]2C(CO)=CC[C@@H]12,59585773,0
COC(=O)C1=CO[C@@H](O[C@H]2O[C@H](CO)[C@@H](O)[C@H](O)[C@H]2O)[C@@H]2C(CO)=CC[C@H]12,3882100,0
COC(=O)C1=CO[C@@H](O[C@@H]2O[C@H](CO)[C@@H](O)[C@H](O)[C@H]2O)[C@H]2[C@H]1CC[C@@]2(C)O,31156311,0
COC(=O)C1=CO[C@@H](O[C@@H]2O[C@H](CO)[C@@H](O)[C@H](O)[C@H]2O)[C@H]2[C@H]1C[C@H](O)[C@@H]2C,4268368,0
COC(=O)C1=CO[C@@H](O[C@@H]2O[C@H](CO)[C@@H](O)[C@H](O)[C@H]2O)[C@@H]2[C@H]1CC[C@]2(C)O,105153547,0
C[C@@H]1[C@@H](O)C[C@@H]2C(C(=O)O)=CO[C@@H](O[C@H]3O[C@H](CO)[C@@H](O)[C@H](O)[C@H]3O)[C@@H]21,21992897,0
COC(=O)C1=CO[C@@H](O[C@@H]2O[C@H](CO)[C@@H](O)[C@H](O)[C@H]2O)[C@H]2[C@H]1C[C@@H](O)[C@@H]2C,4268364,0
COC(=O)C1=CO[C@@H](O[C@@H]2O[C@H](CO)[C@@H](O)[C@H](O)[C@H]2O)[C@@H]2[C@H](C)[C@@H](O)C[C@@H]12,4268365,0
O=C(O)C1=CO[C@H](O[C@H]2O[C@@H](CO)[C@@H](O)[C@@H](O)[C@H]2O)[C@@H]2[C@H]1C=C[C@]2(O)CO,71404493,0
COC(=O)C1=CO[C@@H](O[C@@H]2O[C@H](CO)[C@@H](O)[C@H](O)[C@H]2O)[C@@H]2[C@@H]1C[C@@H](O)[C@H]2C,253389203,0
COC(=O)C1=CO[C@H](O[C@@H]2O[C@H](CO)[C@@H](O)[C@H](O)[C@H]2O)[C@H]2[C@H](C)C(=O)C[C@@H]12,67912740,0
O=C(O)C1=CO[C@H](O[C@H]2O[C@@H](CO)[C@@H](O)[C@@H](O)[C@H]2O)[C@H]2[C@H]1C=C[C@]2(O)CO,71404492,0
COC(=O)C1=CO[C@@H](O[C@@H]2O[C@H](CO)[C@@H](O)[C@H](O)[C@H]2O)[C@@H]2[C@H](C)[C@H](O)C[C@@H]12,4268363,0
COC(=O)C1=CO[C@@H](O[C@H]2O[C@@H](CO)[C@@H](O)[C@@H](O)[C@H]2O)[C@H]2[C@H]1C[C@H](O)[C@@H]2C,36377991,0
O=C(O)C1=CO[C@H](O[C@H]2O[C@@H](CO)[C@@H](O)[C@@H](O)[C@H]2O)[C@H]2[C@H]1C=C[C@@]2(O)CO,8618616,0
O=C(O)C1=CO[C@H](O[C@@H]2O[C@H](CO)[C@@H](O)[C@H](O)[C@H]2O)[C@H]2C(CO)=C[C@H](O)[C@@H]12,137606485,0
COC(=O)C1=CO[C@H](O[C@@H]2O[C@H](CO)[C@@H](O)[C@H](O)[C@H]2O)[C@@H]2[C@H](C)C(=O)C[C@H]12,137972545,0
COC(=O)C1=CO[C@H](O[C@H]2O[C@@H](CO)[C@H](O)[C@@H](O)[C@@H]2O)[C@H]2[C@H](C)[C@H](O)C[C@@H]12,669679169,0
COC(=O)C1=CO[C@H](O[C@H]2O[C@@H](CO)[C@H](O)[C@H](O)[C@H]2O)[C@H]2[C@H](C)CC(=O)[C@@H]12,35363827,0
COC(=O)C1=CO[C@@H](O[C@@H]2O[C@H](CO)[C@@H](O)[C@H](O)[C@H]2O)[C@@H]2[C@@H]1CC[C@@]2(C)O,31156298,0
COC(=O)C1=CO[C@@H](O[C@@H]2O[C@H](CO)[C@@H](O)[C@H](O)[C@H]2O)[C@H]2[C@@H]1C(=O)C[C@H]2C,33830310,0
COC(=O)C1=CO[C@@H](O[C@H]2O[C@@H](CO)[C@@H](O)[C@@H](O)[C@H]2O)[C@@H]2[C@@H](C)CC(=O)[C@H]12,5015109,0
COC(=O)C1=CO[C@H](O[C@@H]2O[C@H](CO)[C@@H](O)[C@H](O)[C@H]2O)[C@H]2[C@@H]1C[C@H](O)[C@@H]2C,13407262,0
COC(=O)C1=CO[C@H](O[C@H]2O[C@@H](CO)[C@H](O)[C@@H](O)[C@H]2O)[C@H]2[C@H](C)CC(=O)[C@@H]12,35363826,0
COC(=O)C1=CO[C@@H](O[C@H]2O[C@@H](CO)[C@@H](O)[C@@H](O)[C@H]2O)[C@H]2[C@@H]1C(=O)C[C@H]2C,5015108,0
COC(=O)C1=CO[C@H](O[C@@H]2O[C@H](CO)[C@@H](O)[C@H](O)[C@H]2O)[C@H]2[C@@H](C)C(=O)C[C@@H]12,67912737,0
COC(=O)C1=CO[C@H](O[C@H]2O[C@@H](CO)[C@H](O)[C@@H](O)[C@@H]2O)[C@H]2[C@H](C)CC(=O)[C@@H]12,12871773,0
COC(=O)C1=CO[C@H](O[C@H]2O[C@H](CO)[C@H](O)[C@@H](O)[C@@H]2O)[C@H]2[C@H](C)CC(=O)[C@@H]12,12871780,0
COC(=O)C1=CO[C@@H](O[C@H]2O[C@@H](CO)[C@@H](O)[C@@H](O)[C@H]2O)[C@@H]2[C@@H](C)CC(=O)[C@@H]12,5015106,0
COC(=O)C1=CO[C@@H](O[C@@H]2O[C@H](CO)[C@@H](O)[C@H](O)[C@H]2O)[C@@H]2[C@H]1CC[C@@]2(C)O,31156306,0
COC(=O)C1=CO[C@H](O[C@@H]2O[C@H](CO)[C@@H](O)[C@H](O)[C@H]2O)[C@@H]2[C@@H]1C[C@H](O)[C@@H]2C,13407270,0
COC(=O)C1=CO[C@@H](O[C@H]2O[C@@H](CO)[C@@H](O)[C@@H](O)[C@H]2O)[C@H]2[C@H]1C[C@@H](O)[C@@H]2C,8681473,0
COC(=O)C1=CO[C@@H](O[C@@H]2O[C@H](CO)[C@H](O)[C@H](O)[C@H]2O)[C@H]2[C@@H]1C[C@H](O)[C@@H]2C,4104827,0
COC(=O)C1=CO[C@H](O[C@@H]2O[C@H](CO)[C@@H](O)[C@H](O)[C@H]2O)[C@@H]2[C@@H](C)C(=O)C[C@@H]12,67912734,0
COC(=O)C1=CO[C@H](O[C@@H]2O[C@H](CO)[C@@H](O)[C@H](O)[C@H]2O)[C@@H]2[C@@H]1C[C@@H](O)[C@H]2C,245238745,0
COC(=O)C1=CO[C@@H](O[C@H]2O[C@@H](CO)[C@H](O)[C@@H](O)[C@@H]2O)[C@@H]2[C@@H](C)CC(=O)[C@H]12,13814978,0
COC(=O)C1=CO[C@H](O[C@@H]2O[C@H](CO)[C@@H](O)[C@H](O)[C@H]2O)[C@@H]2[C@@H]1C[C@H](O)[C@H]2C,245238746,0
CO[C@H]1C[C@@H]2C(C(=O)O)=CO[C@@H](O[C@@H]3O[C@H](CO)[C@@H](O)[C@H](O)[C@H]3O)[C@@H]2[C@H]1C,85341114,0
O=C(O)C1=CO[C@@H](O[C@H]2O[C@@H](CO)[C@H](O)[C@@H](O)[C@@H]2O)[C@@H]2C(CO)=C[C@@H](O)[C@H]12,59586804,0
COC(=O)C1=CO[C@H](O[C@H]2O[C@H](CO)[C@H](O)[C@@H](O)[C@H]2O)[C@H]2[C@H](C)CC(=O)[C@@H]12,105376865,0
COC(=O)C1=CO[C@@H](O[C@@H]2O[C@H](CO)[C@@H](O)[C@H](O)[C@@H]2O)[C@H]2[C@@H]1C[C@H](O)[C@@H]2C,4104826,0
COC(=O)C1=CO[C@@H](O[C@H]2O[C@H](CO)[C@@H](O)[C@H](O)[C@H]2O)[C@@H]2C(OC)=CC[C@H]12,21992874,0
COC(=O)C1=CO[C@@H](O[C@@H]2O[C@H](CO)[C@@H](O)[C@H](O)[C@H]2O)[C@@H]2[C@@H]1CC[C@]2(C)O,105153542,0
COC(=O)C1=CO[C@H](O[C@H]2O[C@@H](CO)[C@H](O)[C@H](O)[C@@H]2O)[C@H]2[C@H](C)CC(=O)[C@@H]12,4082212,0
COC(=O)C1=CO[C@@H](O[C@H]2O[C@@H](CO)[C@@H](O)[C@@H](O)[C@H]2O)[C@@H]2[C@H](C)[C@H](O)C[C@@H]12,8681472,0
C[C@H]1[C@@H](O)C[C@@H]2C(C(=O)O)=CO[C@H](O[C@@H]3O[C@H](CO)[C@@H](O)[C@H](O)[C@H]3O)[C@@H]21,36383811,0
COC(=O)C1=CO[C@@H](O[C@@H]2O[C@H](CO)[C@@H](O)[C@H](O)[C@H]2O)[C@@H]2[C@@H]1C(=O)C[C@H]2C,77257457,0
COC(=O)C1=CO[C@H](O[C@@H]2O[C@H](CO)[C@@H](O)[C@H](O)[C@H]2O)[C@H]2[C@@H]1CC(=O)[C@@H]2C,253389902,0
COC(=O)C1=CO[C@@H](O[C@@H]2O[C@H](CO)[C@@H](O)[C@H](O)[C@H]2O)[C@H]2[C@H](C)CC(=O)[C@@H]12,77257455,0
COC(=O)C1=CO[C@H](O[C@@H]2O[C@@H](CO)[C@H](O)[C@H](O)[C@@H]2O)[C@H]2[C@H](C)CC(=O)[C@@H]12,217476866,0
COC(=O)C1=CO[C@@H](O[C@H]2O[C@H](CO)[C@@H](O)[C@H](O)[C@H]2O)[C@H]2[C@@H]1C[C@H](O)[C@@H]2C,39945957,0
COC(=O)C1=CO[C@@H](O[C@H]2O[C@@H](CO)[C@@H](O)[C@@H](O)[C@H]2O)[C@@H]2[C@H](C)CC(=O)[C@@H]12,5015104,0
COC(=O)C1=CO[C@@H](O[C@@H]2O[C@H](CO)[C@@H](O)[C@H](O)[C@H]2O)[C@@H]2[C@@H]1C[C@H](O)[C@H]2C,28538317,0
COC(=O)C1=CO[C@@H](O[C@@H]2O[C@H](CO)[C@@H](O)[C@H](O)[C@H]2O)[C@@H]2[C@H](C)CC(=O)[C@@H]12,33830308,0
COC(=O)C1=CO[C@@H](O[C@@H]2O[C@H](CO)[C@@H](O)[C@H](O)[C@H]2O)[C@@H]2[C@@H](C)CC(=O)[C@H]12,4098356,0
C[C@@H]1[C@@H](O)C[C@@H]2C(C(=O)O)=CO[C@@H](O[C@H]3O[C@@H](CO)[C@H](O)[C@@H](O)[C@@H]3O)[C@@H]21,253623387,0
O=C(O)C1=CO[C@@H](O[C@H]2O[C@@H](CO)[C@H](O)[C@@H](O)[C@@H]2O)[C@@H]2[C@@H]1C=C[C@]2(O)CO,257437831,0
COC(=O)C1=CO[C@@H](O[C@H]2O[C@@H](CO)[C@H](O)[C@@H](O)[C@@H]2O)[C@H]2C(CO)=CC[C@H]12,253527838,0
COC(=O)C1=CO[C@@H](O[C@H]2O[C@@H](CO)[C@H](O)[C@@H](O)[C@@H]2O)[C@@H]2C(CO)=CC[C@@H]12,253527841,0
COC(=O)C1=CO[C@@H](O[C@H]2O[C@H](CO)[C@H](O)[C@@H](O)[C@@H]2O)[C@H]2C(CO)=CC[C@H]12,1857524399,0
COC(=O)C1=CO[C@@H](O[C@@H]2O[C@H](CO)[C@@H](O)[C@H](O)[C@H]2O)[C@H]2C(CO)=CC[C@H]12,13827710,0
COC(=O)C1=CO[C@@H](O[C@@H]2O[C@H](CO)[C@@H](O)[C@@H](O)[C@H]2O)[C@@H]2C(CO)=CC[C@H]12,101640666,0
C[C@H]1[C@@H](O)C[C@@H]2C(C(=O)O)=CO[C@@H](O[C@@H]3O[C@H](CO)[C@@H](O)[C@H](O)[C@H]3O)[C@@H]21,3978795,0
C[C@H]1[C@@H](O)C[C@@H]2C(C(=O)O)=CO[C@@H](O[C@@H]3O[C@H](CO)[C@@H](O)[C@H](O)[C@H]3O)[C@H]21,66331858,0
COC(=O)C1=CO[C@@H](O[C@@H]2O[C@@H](CO)[C@@H](O)[C@@H](O)[C@@H]2O)[C@@H]2C(CO)=CC[C@H]12,8829464,0
O=C(O)C1=CO[C@@H](O[C@@H]2O[C@H](CO)[C@@H](O)[C@H](O)[C@H]2O)[C@@H]2C(CO)=C[C@H](O)[C@H]12,35942939,0
C[C@]1(O)C[C@@H](O)[C@@H]2C(C(=O)O)=CO[C@@H](O[C@@H]3O[C@H](CO)[C@@H](O)[C@H](O)[C@H]3O)[C@@H]21,36519535,0
O=C(O)C1=CO[C@@H](O[C@@H]2O[C@H](CO)[C@@H](O)[C@H](O)[C@H]2O)[C@@H]2[C@@H](CO)CC[C@H]12,238738039,0
COC(=O)C1=CO[C@@H](O[C@@H]2O[C@H](CO)[C@@H](O)[C@@H](O)[C@@H]2O)[C@@H]2C(CO)=CC[C@H]12,13479082,0
C[C@]1(O)C[C@@H](O)[C@@H]2C(C(=O)O)=CO[C@@H](O[C@@H]3O[C@H](CO)[C@@H](O)[C@H](O)[C@H]3O)[C@H]21,1772820167,0
COC(=O)C1=CO[C@@H](O[C@@H]2O[C@H](CO)[C@@H](O)[C@H](O)[C@H]2O)[C@H]2C(CO)=CC[C@@H]12,13827713,0
COC(=O)C1=CO[C@@H](O[C@H]2O[C@@H](CO)[C@H](O)[C@@H](O)[C@@H]2O)[C@@H]2[C@@H]1C[C@H](O)[C@H]2C,253617639,0
COC(=O)C1=CO[C@@H](O[C@@H]2O[C@H](CO)[C@@H](O)[C@H](O)[C@H]2O)[C@H]2[C@@H]1CC[C@@]2(C)O,31156303,0
C[C@@H]1[C@@H](O)C[C@H]2C(C(=O)O)=CO[C@@H](O[C@H]3O[C@H](CO)[C@H](O)[C@@H](O)[C@@H]3O)[C@H]12,1857787721,0
COC(=O)C1=CO[C@@H](O[C@@H]2O[C@H](CO)[C@@H](O)[C@H](O)[C@H]2O)[C@@H]2[C@@H]1C[C@H](O)[C@@H]2C,13407266,0
COC(=O)C1=CO[C@@H](O[C@@H]2O[C@H](CO)[C@@H](O)[C@H](O)[C@H]2O)[C@H]2[C@@H]1CC[C@]2(C)O,6032117,0
COC(=O)C1=CO[C@@H](O[C@H]2O[C@@H](CO)[C@H](O)[C@@H](O)[C@@H]2O)[C@@H]2[C@@H]1C[C@@H](O)[C@@H]2C,253617638,0
COC(=O)C1=CO[C@@H](O[C@H]2O[C@H](CO)[C@H](O)[C@@H](O)[C@@H]2O)[C@@H]2C(CO)=CC[C@H]12,1857524398,0
COC(=O)C1=CO[C@@H](O[C@@H]2O[C@H](CO)[C@@H](O)[C@H](O)[C@H]2O)[C@H]2[C@@H]1C[C@H](O)[C@@H]2C,3978792,0
C[C@H]1[C@H]2[C@H](O[C@H]3O[C@@H](CO)[C@H](O)[C@@H](O)[C@@H]3O)OC=C(C(=O)O)[C@@H]2C[C@H]1O,253623386,0
COC(=O)C1=CO[C@@H](O[C@H]2O[C@H](CO)[C@H](O)[C@@H](O)[C@@H]2O)[C@H]2C(CO)=CC[C@@H]12,1857524397,0
COC(=O)C1=CO[C@@H](O[C@@H]2O[C@H](CO)[C@@H](O)[C@H](O)[C@H]2O)[C@@H]2C(CO)=CC[C@H]12,3882101,0
C[C@@H]1[C@@H](O)C[C@@H]2C(C(=O)O)=CO[C@@H](O[C@@H]3O[C@H](CO)[C@@H](O)[C@H](O)[C@H]3O)[C@@H]21,6031801,0
COC(=O)C1=CO[C@@H](O[C@H]2O[C@@H](CO)[C@H](O)[C@@H](O)[C@@H]2O)[C@@H]2[C@@H]1C[C@H](O)[C@@H]2C,253617641,0
O=C(O)C1=CO[C@@H](O[C@@H]2O[C@H](CO)[C@@H](O)[C@H](O)[C@H]2O)[C@H]2[C@@H](CO)CC[C@H]12,85643885,0
COC(=O)C1=CO[C@@H](O[C@H]2O[C@@H](CO)[C@H](O)[C@@H](O)[C@@H]2O)[C@@H]2C(CO)=CC[C@H]12,238785795,0
COC(=O)C1=CO[C@@H](O[C@H]2O[C@@H](CO)[C@H](O)[C@@H](O)[C@@H]2O)[C@H]2C(CO)=CC[C@@H]12,253527839,0
COC(=O)C1=CO[C@@H](O[C@@H]2O[C@H](CO)[C@@H](O)[C@H](O)[C@H]2O)[C@@H]2C(CO)=CC[C@@H]12,13827716,0
C[C@H]1[C@H]2[C@H](O[C@H]3O[C@@H](CO)[C@H](O)[C@@H](O)[C@@H]3O)OC=C(C(=O)O)[C@H]2C[C@H]1O,253623385,0
COC(=O)C1=CO[C@@H](O[C@H]2O[C@H](CO)[C@H](O)[C@@H](O)[C@@H]2O)[C@@H]2C(CO)=CC[C@@H]12,1857524396,0
O=C(O)C1=CO[C@@H](O[C@@H]2O[C@H](CO)[C@@H](O)[C@H](O)[C@H]2O)[C@H]2[C@@H]1C=C[C@]2(O)CO,4098344,0
COC(=O)C1=CO[C@@H](O[C@@H]2O[C@@H](CO)[C@@H](O)[C@@H](O)[C@H]2O)[C@@H]2C(CO)=CC[C@H]12,8829462,0
C[C@H]1[C@H]2[C@H](O[C@H]3O[C@H](CO)[C@H](O)[C@@H](O)[C@@H]3O)OC=C(C(=O)O)[C@@H]2C[C@H]1O,1857787719,0
COC(=O)C1=CO[C@@H](O[C@H]2O[C@@H](CO)[C@H](O)[C@@H](O)[C@@H]2O)[C@@H]2[C@@H]1C[C@@H](O)[C@H]2C,253617640,0
O=C(O)C1=CO[C@@H](O[C@H]2O[C@@H](CO)[C@H](O)[C@@H](O)[C@@H]2O)[C@@H]2[C@H]1C=C[C@@]2(O)CO,257437830,0
C[C@@H]1[C@@H](O)C[C@H]2C(C(=O)O)=CO[C@@H](O[C@H]3O[C@@H](CO)[C@H](O)[C@@H](O)[C@@H]3O)[C@H]12,253623384,0
C[C@H]1[C@H]2[C@H](O[C@H]3O[C@H](CO)[C@H](O)[C@@H](O)[C@@H]3O)OC=C(C(=O)O)[C@H]2C[C@H]1O,1857787720,0
C/C=C1/[C@H](O[C@@H]2O[C@H](CO)[C@@H](O)[C@H](O)[C@H]2O)OC=C(C(=O)O)[C@H]1CC(=O)O,96023830,0
COC(=O)C1=CO[C@@H](O[C@@H]2O[C@H](CO)[C@@H](O)[C@H](O)[C@H]2O)[C@H]2[C@@H](C)CC(=O)[C@H]12,66331886,0
O=C(O)C1=CO[C@@H](O[C@H]2O[C@@H](CO)[C@H](O)[C@@H](O)[C@@H]2O)[C@@H]2[C@@H]1C=C[C@@]2(O)CO,257437828,0
C[C@@H]1[C@@H](O)C[C@@H]2C(C(=O)O)=CO[C@@H](O[C@H]3O[C@H](CO)[C@H](O)[C@@H](O)[C@@H]3O)[C@@H]21,1857787718,0
O=C(O)C1=CO[C@@H](O[C@H]2O[C@@H](CO)[C@H](O)[C@@H](O)[C@@H]2O)[C@@H]2[C@H]1C=C[C@]2(O)CO,257437829,0
C=C[C@H]1[C@H](O[C@@H]2O[C@H](CO)[C@@H](O)[C@H](O)[C@H]2O)OC=C(C(=O)O)[C@H]1CC(=O)O,238761851,0
C=C[C@H]1[C@H](O[C@@H]2O[C@H](CO)[C@@H](O)[C@H](O)[C@H]2O)OC=C(C(=O)OC)[C@H]1CC=O,4095728,0
C=C[C@H]1[C@H](O[C@@H]2O[C@H](CO)[C@@H](O)[C@H](O)[C@H]2O)OC=C2C(=O)O[C@H](OC)C[C@H]21,59587075,0
C=C[C@@H]1[C@@H](O[C@H]2O[C@@H](CO)[C@H](O)[C@@H](O)[C@@H]2O)OC=C(C(=O)O)[C@@H]1CC(=O)O,253500905,0
C=C[C@@H]1[C@H](CC(=O)O)C(C(=O)O)=CO[C@@H]1O[C@H]1O[C@@H](CO)[C@H](O)[C@@H](O)[C@@H]1O,253500902,0
C=C[C@@H]1[C@H](CC=O)C(C(=O)OC)=CO[C@@H]1O[C@H]1O[C@@H](CO)[C@@H](O)[C@@H](O)[C@H]1O,6379175,0
C=C[C@H]1[C@@H](O[C@H]2O[C@@H](CO)[C@@H](O)[C@@H](O)[C@H]2O)OC=C(C(=O)O)[C@@H]1CC(=O)O,34235760,0
C=C[C@H]1[C@H](CC(=O)O)C(C(=O)O)=CO[C@@H]1O[C@H]1O[C@@H](CO)[C@@H](O)[C@@H](O)[C@H]1O,34235759,0
C=C[C@H]1[C@H](CC(=O)O)C(C(=O)O)=CO[C@@H]1O[C@H]1O[C@@H](CO)[C@H](O)[C@@H](O)[C@@H]1O,253500907,0
C=C[C@H]1[C@H](CC=O)C(C(=O)OC)=CO[C@@H]1O[C@H]1O[C@@H](CO)[C@@H](O)[C@@H](O)[C@H]1O,6379177,0
C=C[C@@H]1[C@H](CC(=O)O)C(C(=O)O)=CO[C@@H]1O[C@H]1O[C@@H](CO)[C@@H](O)[C@@H](O)[C@H]1O,34235758,0
C=C[C@H]1[C@@H](O[C@H]2O[C@@H](CO)[C@H](O)[C@@H](O)[C@@H]2O)OC=C(C(=O)OC)[C@@H]1CC=O,253532128,0
C=C[C@H]1[C@H](CC=O)C(C(=O)OC)=CO[C@@H]1O[C@H]1O[C@@H](CO)[C@H](O)[C@@H](O)[C@@H]1O,253532129,0
C=C[C@H]1[C@H](O[C@H]2O[C@@H](CO)[C@@H](O)[C@@H](O)[C@H]2O)OC=C(C(=O)OC)[C@H]1CC=O,6379180,0
C=C[C@@H]1[C@H](O[C@H]2O[C@@H](CO)[C@@H](O)[C@@H](O)[C@H]2O)OC=C(C(=O)OC)[C@H]1CC=O,6379183,0
C=C[C@H]1[C@@H](O[C@H]2O[C@@H](CO)[C@H](O)[C@@H](O)[C@@H]2O)OC=C(C(=O)O)[C@@H]1CC(=O)O,253500904,0
C=C[C@@H]1[C@H](CC=O)C(C(=O)OC)=CO[C@@H]1O[C@H]1O[C@@H](CO)[C@H](O)[C@@H](O)[C@@H]1O,253532130,0
COc1ccc(Cl)cc1N1/C(=N/C(=O)C2CC2)S[C@@H]2CS(=O)(=O)C[C@H]21,5202932,5
COc1ccc(Cl)cc1N1/C(=N\C(=O)C2CC2)S[C@H]2CS(=O)(=O)C[C@@H]21,101307361,5
CCC(=O)/N=C1/S[C@@H]2CS(=O)(=O)C[C@@H]2N1c1cc(Cl)c(OC)cc1OC,101310230,5
COc1ccc(Cl)cc1N1/C(=N\C(=O)C2CC2)S[C@@H]2CS(=O)(=O)C[C@@H]21,101307369,5
COc1ccc(Cl)cc1N1/C(=N\C(=O)C2CC2)S[C@@H]2CS(=O)(=O)C[C@H]21,101307366,5
COc1ccc(Cl)cc1N1/C(=N\C(=O)C2CC2)S[C@H]2CS(=O)(=O)C[C@H]21,101307358,5
CCC(=O)/N=C1/S[C@H]2CS(=O)(=O)C[C@@H]2N1c1cc(Cl)c(OC)cc1OC,101310225,5
CCC(=O)/N=C1/S[C@@H]2CS(=O)(=O)C[C@H]2N1c1cc(Cl)c(OC)cc1OC,101310227,5
CCC(=O)/N=C1/S[C@H]2CS(=O)(=O)C[C@H]2N1c1cc(Cl)c(OC)cc1OC,101310223,5
COc1ccc(Cl)cc1N1/C(=N/C(=O)C2CC2)S[C@@H]2CS(=O)(=O)C[C@@H]21,5202945,5
CO[C@H]1O[C@@H](CO)[C@H](O)[C@@H](O[C@@H]2O[C@H](CO)[C@@H](O)[C@@H](O)[C@@H]2NC(C)=O)[C@@H]1O,253613935,0
CC(=O)N[C@@]1(O)[C@@H](O)[C@H](O)[C@@H](CO[C@@H]2C[C@H](O)[C@H](O)[C@H](CO)O2)O[C@H]1O,1570006155,0
CC(=O)N[C@]1(O)[C@H](O)O[C@H](CO[C@@H]2C[C@H](O)[C@H](O)[C@H](CO)O2)[C@H](O)[C@H]1O,1570006139,0
CC(=O)N[C@H]1[C@@H](O)[C@@H](C[C@@H]2O[C@H](CO)[C@H](O)[C@H](O)[C@H]2O)[C@@H](CO)O[C@H]1O,1569985093,0
CC(=O)N[C@H]1[C@H](O[C@@H]2[C@@H](O)O[C@H](CO)[C@@H](O)[C@@H]2O)O[C@H](CO)[C@@H](O)[C@@H]1O,33821422,0
CC(=O)N[C@H]1[C@@H](O[C@H]2[C@@H](CO)O[C@H](O)[C@H](O)[C@H]2O)O[C@H](CO)[C@@H](O)[C@@H]1O,77269617,0
CC(=O)N[C@H]1[C@@H](O)O[C@H](CO)[C@H](O)[C@H]1O[C@@H]1O[C@H](CO)[C@H](O)[C@H](O)[C@H]1O,136891067,0
CC(=O)N[C@]1(O)[C@H](O)O[C@H](CO[C@@H]2C[C@H](O)[C@H](O)[C@H](CO)O2)[C@@H](O)[C@H]1O,1570006157,0
CC(=O)N[C@H]1[C@H](O[C@H]2[C@@H](O)[C@H](O)[C@@H](CO)O[C@H]2O)O[C@H](CO)[C@@H](O)[C@@H]1O,38393773,0
CC(=O)N[C@@]1(O)[C@@H](O)[C@@H](O)[C@@H](CO[C@@H]2C[C@H](O)[C@H](O)[C@H](CO)O2)O[C@H]1O,1570006153,0
CC(=O)N[C@H]1[C@@H](O)[C@@H](C[C@@H]2O[C@H](CO)[C@H](O)[C@H](O)[C@@H]2O)[C@@H](CO)O[C@H]1O,1569985094,0
CC(=O)N[C@@H]1[C@H](O)O[C@H](CO)[C@H](C[C@@H]2O[C@H](CO)[C@H](O)[C@H](O)[C@@H]2O)[C@H]1O,1569985095,0
CC(=O)N[C@H]1[C@@H](O[C@H]2[C@H](O)[C@@H](O)O[C@@H](CO)[C@@H]2O)O[C@@H](CO)[C@@H](O)[C@@H]1O,253611388,0
CC(=O)N[C@H]1[C@@H](O)O[C@H](CO[C@@H]2O[C@H](CO)[C@H](O)[C@H](O)[C@H]2O)[C@@H](O)[C@@H]1O,87528044,0
CC(=O)N[C@H]1[C@H](O)O[C@H](CO[C@@H]2O[C@H](CO)[C@H](O)[C@H](O)[C@H]2O)[C@@H](O)[C@@H]1O,13519094,0
CC(=O)N[C@H]1[C@@H](O)O[C@H](CO)[C@@H](O)[C@@H]1O[C@@H]1O[C@H](CO)[C@H](O)[C@H](O)[C@H]1O,4097097,0
CO[C@H]1O[C@H](CO[C@@H]2O[C@H](CO)[C@@H](O)[C@H](O)[C@H]2NC(C)=O)[C@@H](O)[C@H](O)[C@@H]1O,95871175,0
CC(=O)N[C@H]1[C@@H](O[C@H]2[C@H](O)[C@@H](O)O[C@@H](CO)[C@@H]2O)O[C@H](CO)[C@@H](O)[C@@H]1O,253611386,0
CC(=O)N[C@@H]1[C@H](O[C@@H]2O[C@H](CO)[C@H](O)[C@H](O)[C@H]2O)[C@@H](O)[C@@H](CO)O[C@H]1O,44127228,0
CC(=O)N[C@H]1[C@@H](O)O[C@H](CO)[C@H](O[C@@H]2O[C@H](CO)[C@H](O)[C@H](O)[C@H]2O)[C@@H]1O,77269582,0
CO[C@H]1O[C@@H](CO)[C@@H](O)[C@@H](O[C@@H]2O[C@H](CO)[C@@H](O)[C@H](O)[C@H]2NC(C)=O)[C@@H]1O,95871174,0
CC(=O)N[C@H]1[C@@H](O[C@H]2[C@@H](CO)O[C@@H](O)[C@H](O)[C@H]2O)O[C@H](CO)[C@@H](O)[C@@H]1O,77269622,0
CC(=O)N[C@@H]1[C@@H](O)O[C@H](CO[C@H]2O[C@H](CO)[C@H](O)[C@H](O)[C@H]2O)[C@H](O)[C@@H]1O,83260792,0
CC(=O)N[C@H]1[C@H](O)O[C@H](CO)[C@H](O[C@@H]2O[C@H](CO)[C@H](O)[C@H](O)[C@H]2O)[C@@H]1O,43505242,0
CC(=O)N[C@H]1[C@@H](O[C@H]2[C@H](O)[C@@H](O)O[C@@H](CO)[C@@H]2O)O[C@H](CO)[C@H](O)[C@@H]1O,253611387,0
CC(=O)N[C@H]1[C@@H](O)O[C@H](CO)[C@H](O)[C@@H]1O[C@H]1O[C@H](CO)[C@H](O)[C@H](O)[C@H]1O,59065580,0
CC(=O)N[C@@H]1[C@@H](O)O[C@H](CO)[C@H](O)[C@@H]1O[C@H]1O[C@H](CO)[C@H](O)[C@H](O)[C@H]1O,83260785,0
CC(=O)N[C@H]1[C@@H](O[C@H]2[C@H](O)[C@@H](O)O[C@@H](CO)[C@@H]2O)O[C@@H](CO)[C@H](O)[C@@H]1O,253611389,0
CC(=O)N[C@@H]1[C@H](O)O[C@H](CO)[C@H](C[C@@H]2O[C@H](CO)[C@H](O)[C@H](O)[C@H]2O)[C@H]1O,1569985092,0
CC(=O)N[C@H]1[C@H](O[C@@H]2[C@H](O)[C@H](O)O[C@H](CO)[C@H]2O)O[C@H](CO)[C@@H](O)[C@@H]1O,77269609,0
CC(=O)N[C@H]1[C@H](O)O[C@H](CO)[C@H](O)[C@@H]1O[C@H]1O[C@H](CO)[C@H](O)[C@H](O)[C@H]1O,33913775,0
CC(=O)N[C@H]1[C@H](O[C@@H]2[C@H](O)[C@@H](O)O[C@H](CO)[C@H]2O)O[C@H](CO)[C@@H](O)[C@@H]1O,77269604,0
CC(=O)N[C@@H]1[C@H](O)O[C@@H](CO)[C@H](O[C@@H]2O[C@H](CO)[C@H](O)[C@H](O)[C@@H]2O)[C@@H]1O,35636144,0
CC(=O)N[C@H]1[C@H](O[C@H]2[C@@H](CO)O[C@H](O)[C@H](O)[C@H]2O)O[C@H](CO)[C@H](O)[C@@H]1O,64633924,0
CC(=O)N[C@H]1[C@@H](O)O[C@H](CO[C@@H]2O[C@H](CO)[C@H](O)[C@H](O)[C@H]2O)[C@H](O)[C@@H]1O,77269588,0
CC(=O)N[C@@H]1[C@H](O)O[C@@H](CO)[C@H](O[C@@H]2O[C@@H](CO)[C@H](O)[C@H](O)[C@@H]2O)[C@@H]1O,22046476,0
CC(=O)N[C@H]1C[C@@H](O)[C@H](CO)O[C@@H]1O[C@@H]1[C@@H](O)[C@H](O)[C@@H](O)O[C@H]1C(=O)O,1857790286,0
CO[C@@H]1O[C@H](CO)[C@@H](O[C@@H]2O[C@H](CO)[C@H](O)[C@H](O)[C@H]2O)[C@H](O)[C@H]1NC(C)=O,13549358,0
CC(=O)N[C@@H]1[C@H](O)O[C@H](CO)[C@H](O)[C@@H]1O[C@@H]1O[C@H](CO)[C@H](O)[C@H](O)[C@@H]1O,247921887,0
CO[C@@H]1O[C@H](CO)[C@@H](O)[C@H](O[C@@H]2O[C@H](CO)[C@H](O)[C@H](O)[C@H]2O)[C@H]1NC(C)=O,13549336,0
CO[C@@H]1O[C@H](CO)[C@@H](O)[C@H](O[C@@H]2O[C@@H](C)[C@@H](O)[C@@H](O)[C@@H]2O)[C@H]1NC(C)=O,33821390,0
CC(=O)N[C@@H]1[C@H](O)O[C@H](CO)[C@H](O[C@@H]2O[C@H](CO)[C@H](O)[C@H](O)[C@@H]2O)[C@@H]1O,35636146,0
CC(=O)N[C@H]1[C@H](O[C@H]2[C@@H](CO)O[C@@H](O)[C@H](O)[C@H]2O)O[C@H](CO)[C@H](O)[C@@H]1O,13549364,0
CC(=O)N[C@H]1[C@H](O)O[C@H](CO)[C@@H](O[C@@H]2O[C@H](CO)[C@H](O)[C@H](O)[C@H]2O)[C@@H]1O,4228284,0
CC(=O)N[C@H]1[C@@H](O)O[C@H](CO)[C@@H](O[C@@H]2O[C@H](CO)[C@H](O)[C@H](O)[C@H]2O)[C@@H]1O,13545957,0
CC(=O)N[C@@H]1[C@H](O)O[C@H](CO)[C@H](O[C@@H]2O[C@@H](CO)[C@H](O)[C@H](O)[C@@H]2O)[C@@H]1O,22046486,0
CC(=O)N[C@H]1[C@@H](O)O[C@H](CO)[C@H](O)[C@@H]1O[C@@H]1O[C@H](CO)[C@H](O)[C@H](O)[C@H]1O,4097367,0
CO[C@H]1O[C@@H](CO)[C@H](O)[C@@H](O[C@@H]2O[C@H](CO)[C@@H](O)[C@H](O)[C@@H]2NC(C)=O)[C@@H]1O,253613936,0
CC(=O)N[C@@H]1[C@H](O)O[C@H](CO)[C@H](O)[C@@H]1O[C@@H]1O[C@@H](CO)[C@H](O)[C@@H](O)[C@@H]1O,1500993212,0
CO[C@H]1O[C@@H](CO)[C@H](O)[C@@H](O[C@@H]2O[C@H](CO)[C@H](O)[C@@H](O)[C@@H]2NC(C)=O)[C@@H]1O,253613934,0
CO[C@H]1O[C@@H](CO)[C@H](O)[C@@H](O[C@@H]2O[C@H](CO)[C@H](O)[C@H](O)[C@@H]2NC(C)=O)[C@@H]1O,253613933,0
CC(=O)N[C@@H]1[C@H](O)O[C@H](CO)[C@H](O)[C@@H]1O[C@@H]1O[C@H](CO)[C@H](O)[C@@H](O)[C@@H]1O,247921882,0
CC(=O)N[C@@H]1[C@H](O[C@@H]2[C@H](O)[C@@H](O)O[C@H](CO)[C@H]2O)O[C@H](CO)[C@H](O)[C@H]1O,75759782,0
CC(=O)N[C@H]1[C@H](O)O[C@H](CO[C@@H]2O[C@H](CO)[C@H](O)[C@H](O)[C@H]2O)[C@H](O)[C@@H]1O,31544008,0
CC(=O)N[C@@H]1[C@H](O[C@@H]2[C@H](O)[C@H](O)O[C@H](CO)[C@H]2O)O[C@H](CO)[C@H](O)[C@H]1O,75759785,0
CO[C@@H]1O[C@H](CO)[C@H](O)[C@H](O[C@@H]2O[C@H](CO)[C@H](O)[C@H](O)[C@H]2O)[C@H]1NC(C)=O,25724613,0
CC(=O)N[C@H]1[C@H](O)O[C@H](CO)[C@H](O)[C@@H]1O[C@@H]1O[C@H](CO)[C@H](O)[C@H](O)[C@H]1O,4097368,0
CC(=O)N[C@H]1[C@@H](O)O[C@H](CO)[C@H](O)[C@H]1O[C@@H]1O[C@@H](CO)[C@H](O)[C@@H](O)[C@H]1O,75761008,0
CC(=O)N[C@@H]1C[C@H](O)[C@@H](CO)O[C@H]1O[C@@H]1[C@@H](C(=O)O)O[C@@H](O)[C@H](O)[C@H]1O,4216500,0
CC(=O)N[C@@H]1[C@H](O)O[C@H](CO)[C@H](O)[C@@H]1O[C@@H]1O[C@@H](CO)[C@H](O)[C@H](O)[C@@H]1O,44960071,0
CC(=O)N[C@@H]1[C@H](OCCOCCOCCN=[N+]=[N-])O[C@H](CO)[C@@H](O)[C@@H]1O,252668753,0
CC(=O)N[C@@H]1[C@H](OCCOCCOCCN=[N+]=[N-])O[C@@H](CO)[C@@H](O)[C@@H]1O,257354912,0
CC(=O)N[C@@H]1[C@H](OCCOCCOCCN=[N+]=[N-])O[C@@H](CO)[C@H](O)[C@@H]1O,257354914,0
CC(=O)N[C@@H]1[C@@H](OCCOCCOCCN=[N+]=[N-])O[C@@H](CO)[C@H](O)[C@@H]1O,257354917,0
CC(=O)N[C@H]1[C@@H](OCCOCCOCCN=[N+]=[N-])O[C@H](CO)[C@H](O)[C@@H]1O,216451140,0
CC(=O)N[C@H]1[C@H](OCCOCCOCCN=[N+]=[N-])O[C@@H](CO)[C@H](O)[C@@H]1O,257354911,0
CC(=O)N[C@@H]1[C@@H](OCCOCCOCCN=[N+]=[N-])O[C@H](CO)[C@H](O)[C@@H]1O,216451186,0
CC(=O)N[C@H]1[C@H](OCCOCCOCCN=[N+]=[N-])O[C@H](CO)[C@H](O)[C@@H]1O,257354915,0
CC(=O)N[C@H]1[C@H](O)[C@H](O)[C@H](CO)O[C@H]1OCCOCCOCCN=[N+]=[N-],257354913,0
CC(=O)N[C@@H]1[C@H](OCCOCCOCCN=[N+]=[N-])O[C@H](CO)[C@H](O)[C@@H]1O,252668751,0
CC(=O)N[C@H]1[C@@H](OCCOCCOCCN=[N+]=[N-])O[C@@H](CO)[C@H](O)[C@@H]1O,257354916,0
CC(=O)N[C@H]1[C@H](O)[C@H](O)[C@@H](CO)O[C@H]1OCCOCCOCCN=[N+]=[N-],252668752,0
C#CCOCCOCCOCCO[C@@H]1O[C@@H](CO)[C@@H](O)[C@H](O)[C@H]1NC(C)=O,257355146,0
C#CCOCCOCCOCCO[C@H]1O[C@H](CO)[C@H](O)[C@H](O)[C@H]1NC(C)=O,216450933,0
C#CCOCCOCCOCCO[C@H]1O[C@H](CO)[C@H](O)[C@H](O)[C@@H]1NC(C)=O,216450986,0
CC(=O)N[C@H](C=O)[C@H](O)[C@H](O)[C@H](O)CO[C@H]1O[C@@H](CO)[C@H](O)[C@@H](O)[C@@H]1O,256099228,0
C#CCOCCOCCOCCO[C@@H]1O[C@H](CO)[C@@H](O)[C@H](O)[C@H]1NC(C)=O,257355149,0
C#CCOCCOCCOCCO[C@@H]1O[C@H](CO)[C@@H](O)[C@H](O)[C@@H]1NC(C)=O,257355150,0
CC(=O)N[C@H](C=O)[C@@H](O)[C@H](O)[C@H](O)CO[C@H]1O[C@@H](CO)[C@H](O)[C@@H](O)[C@@H]1O,256099221,0
CC(=O)N[C@@H](C=O)[C@@H](O)[C@H](O[C@@H]1O[C@H](CO)[C@H](O)[C@H](O)[C@H]1O)[C@H](O)CO,12496932,0
C#CCOCCOCCOCCO[C@H]1O[C@@H](CO)[C@H](O)[C@H](O)[C@H]1NC(C)=O,257355147,0
CC(=O)N[C@@H](C=O)[C@@H](O)[C@H](O)[C@H](O)CO[C@H]1O[C@@H](CO)[C@H](O)[C@@H](O)[C@@H]1O,256099225,0
CC(=O)N[C@@H](C=O)[C@H](O)[C@H](O)[C@H](O)CO[C@H]1O[C@@H](CO)[C@H](O)[C@@H](O)[C@@H]1O,256099219,0
C#CCOCCOCCOCCO[C@@H]1O[C@@H](CO)[C@@H](O)[C@H](O)[C@@H]1NC(C)=O,257355145,0
CC(=O)N[C@H]1[C@H](O[C@H](C=O)[C@@H](O)[C@H](O)[C@H](O)CO)O[C@H](CO)[C@@H](O)[C@@H]1O,31539879,0
C#CCOCCOCCOCCO[C@H]1O[C@@H](CO)[C@H](O)[C@H](O)[C@@H]1NC(C)=O,257355148,0
CCOc1ccc(N2C(=O)NC(=O)/C(=C\c3ccc(OCC(=O)O)cc3)C2=O)cc1,4808898,6
COc1ccc(N2C(=O)NC(=O)/C(=C\c3ccc(O[C@H](C)C(=O)O)cc3)C2=O)cc1,2274292,6
COc1ccccc1N1C(=O)NC(=O)/C(=C/c2ccc(N3CCOCC3)cc2)C1=O,4513393,6
COc1cccc(N2C(=O)NC(=O)/C(=C/c3ccc(OC)c(OC)c3OC)C2=O)c1,4823171,6
COc1cc(/C=C2\C(=O)NC(=O)N(c3cccc(C)c3)C2=O)ccc1OCC(=O)O,2909304,6
O=C(O)COc1cccc(/C=C2\C(=O)NC(=O)N(c3ccc(Cl)cc3)C2=O)c1,2248802,6
CCOc1ccc(N2C(=O)NC(=O)/C(=C/c3ccc(OC)c(C(=O)O)c3)C2=O)cc1,5023807,6
COc1cc(/C=C2\C(=O)NC(=O)N(c3ccc(C)c(C)c3)C2=O)ccc1OCC(=O)O,2248754,6
COc1ccc(N2C(=O)NC(=O)/C(=C\c3cc(OC)c(OC)cc3OC)C2=O)cc1,1233282,6
COc1ccccc1N1C(=O)NC(=O)/C(=C/c2cc(OC)c(OC)c(OC)c2)C1=O,5043585,6
COc1ccc(N2C(=O)NC(=O)/C(=C\c3ccc(OC)c(OC)c3OC)C2=O)cc1,1192467,6
CCOc1cc(/C=C2\C(=O)NC(=O)N(c3ccc(C(=O)OC)cc3)C2=O)ccc1O,1178264,6
O=C(O)COc1ccc(/C=C2\C(=O)NC(=O)N(c3ccccc3)C2=O)cc1Cl,2727019,6
COc1ccc(N2C(=O)NC(=O)/C(=C\c3cc(OC)c(OC)c(OC)c3)C2=O)cc1,1192475,6
COc1ccc(N2C(=O)NC(=O)/C(=C\c3ccc(N4CCOCC4)cc3)C2=O)cc1,5810711,6
COc1cccc(N2C(=O)NC(=O)/C(=C\c3ccc(OC)c(OC)c3OC)C2=O)c1,1197230,6
COc1ccc(N2C(=O)NC(=O)/C(=C/c3c(OC)cc(OC)cc3OC)C2=O)cc1,4815225,6
COc1cccc(N2C(=O)NC(=O)/C(=C\c3cc(OC)c(OC)c(OC)c3)C2=O)c1,1197239,6
COc1ccc(N2C(=O)NC(=O)/C(=C\c3ccc(O[C@@H](C)C(=O)O)cc3)C2=O)cc1,2274290,6
COc1cccc(N2C(=O)NC(=O)/C(=C/c3cc(OC)c(OC)cc3OC)C2=O)c1,4808939,6
COc1cccc(N2C(=O)NC(=O)/C(=C/c3c(OC)cc(OC)cc3OC)C2=O)c1,4807768,6
CCOc1cccc(N2C(=O)NC(=O)/C(=C/c3cc4c(cc3OC)OCO4)C2=O)c1,409099719,6
CCOc1ccccc1N1C(=O)NC(=O)/C(=C\c2cc(OC)c(O)c(OC)c2)C1=O,409231806,6
Cc1ccc(Cl)cc1N1C(=O)NC(=O)/C(=C\c2ccc(OCC(N)=O)cc2)C1=O,409224658,6
CCOc1ccc(/C=C2\C(=O)NC(=O)N(c3ccc4c(c3)OCO4)C2=O)cc1OC,408954593,6
COc1cc(C)c(/C=C2\C(=O)NC(=O)N(c3ccc4c(c3)OCO4)C2=O)cc1OC,408549230,6
O=C(O)COc1ccc(/C=C2\C(=O)NC(=O)N(c3cccc(Cl)c3)C2=O)cc1,409046400,6
COc1cccc(/C=C2\C(=O)NC(=O)N(c3ccccc3)C2=O)c1O[C@@H](C)C(=O)O,409232528,6
O=C(O)COc1cccc(/C=C2/C(=O)NC(=O)N(c3ccccc3Cl)C2=O)c1,409069106,6
COc1cccc(N2C(=O)NC(=O)/C(=C/c3ccc(OC(C)=O)c(OC)c3)C2=O)c1,408537914,6
CCOc1ccc(C(=O)O)cc1/C=C1\C(=O)NC(=O)N(c2ccc(OC)cc2)C1=O,408827124,6
Cc1ccc(N2C(=O)NC(=O)/C(=C\c3ccc(OCC(N)=O)cc3)C2=O)cc1Cl,409226236,6
CCc1ccc(N2C(=O)NC(=O)/C(=C/c3ccc(OCC(=O)OC)cc3)C2=O)cc1,408989979,6
O=C(O)COc1ccc(/C=C2\C(=O)NC(=O)N(c3ccc(O)cc3)C2=O)cc1Cl,409044989,6
Cc1ccc(Cl)cc1N1C(=O)NC(=O)/C(=C/c2cccc(OCC(N)=O)c2)C1=O,409218498,6
CCOc1cc(/C=C2/C(=O)NC(=O)N(c3ccc(C(=O)OC)cc3)C2=O)ccc1O,16688763,6
O=C(O)COc1ccc(Cl)cc1/C=C1\C(=O)NC(=O)N(c2ccccc2)C1=O,409050001,6
COc1cc(/C=C2/C(=O)NC(=O)N(c3ccccc3OC)C2=O)ccc1OC(C)=O,408534855,6
CCOc1ccc(N2C(=O)NC(=O)/C(=C/c3cc4c(cc3OC)OCO4)C2=O)cc1,409111810,6
COc1ccc(N2C(=O)NC(=O)/C(=C/c3ccc(OC(C)=O)c(OC)c3)C2=O)cc1,408530268,6
CCOc1cc(/C=C2\C(=O)NC(=O)N(c3ccc4c(c3)OCO4)C2=O)ccc1OC,408860266,6
O=C(O)COc1ccc(/C=C2\C(=O)NC(=O)N(c3ccccc3Cl)C2=O)cc1,409048408,6
CCOc1cc2c(cc1/C=C1/C(=O)NC(=O)N(c3ccc(OC)cc3)C1=O)OCO2,409105440,6
CCOC(=O)COc1ccccc1/C=C1\C(=O)NC(=O)N(c2cccc(F)c2)C1=O,408914608,6
CCOC(=O)COc1cc(/C=C2/C(=O)NC(=O)N(c3ccccc3)C2=O)ccc1OC,409213593,6
O=C(O)COc1ccc(Cl)cc1/C=C1\C(=O)NC(=O)N(c2ccc(O)cc2)C1=O,409042819,6
COc1cccc(/C=C2\C(=O)NC(=O)N(c3ccccc3)C2=O)c1O[C@H](C)C(=O)O,409232527,6
COc1cc(/C=C2\C(=O)NC(=O)N(c3ccc(C)cc3)C2=O)ccc1OCC(=O)O,408770880,6
CCOc1ccc(/C=C2\C(=O)NC(=O)N(c3ccc(C(=O)O)cc3)C2=O)cc1OC,408937344,6
CCOc1cccc(/C=C2/C(=O)NC(=O)N(c3ccccc3)C2=O)c1OCC(=O)O,409218415,6
Cc1ccc(N2C(=O)NC(=O)/C(=C\c3ccccc3OCC(N)=O)C2=O)cc1Cl,409224955,6
CCOc1ccc(N2C(=O)NC(=O)/C(=C/c3cccc(OCC(=O)O)c3)C2=O)cc1,409072938,6
Cc1ccc(N2C(=O)NC(=O)/C(=C/c3cccc(OCC(N)=O)c3)C2=O)cc1Cl,409221912,6
COc1cc(/C=C2\C(=O)NC(=O)N(c3cc(C)cc(C)c3)C2=O)ccc1OCC(=O)O,408775025,6
CCOC(=O)COc1ccc(/C=C2\C(=O)NC(=O)N(c3ccc(F)cc3)C2=O)cc1,408856702,6
CCOc1cc(/C=C2\C(=O)NC(=O)N(c3ccc(C(=O)O)cc3)C2=O)ccc1OC,408936501,6
CCOc1ccc(/C=C2\C(=O)NC(=O)N(c3ccc(OC)cc3)C2=O)cc1C(=O)O,6351477,6
COc1ccc(N2C(=O)NC(=O)/C(=C\c3ccccc3O[C@@H](C)C(=O)O)C2=O)cc1,409189308,6
O=C(O)COc1cccc(/C=C2/C(=O)NC(=O)N(c3cccc(Cl)c3)C2=O)c1,409068033,6
CCOc1cc2c(cc1/C=C1\C(=O)NC(=O)N(c3ccc4c(c3)OCO4)C1=O)OCO2,408952415,6
COc1ccc(N2C(=O)NC(=O)/C(=C\c3ccccc3O[C@H](C)C(=O)O)C2=O)cc1,409189309,6
O=C(O)COc1ccccc1/C=C1\C(=O)NC(=O)N(c2cccc(Cl)c2)C1=O,409046233,6
CCc1ccc(N2C(=O)NC(=O)/C(=C/c3ccccc3OCC(=O)OC)C2=O)cc1,408990107,6
O=C(O)COc1ccccc1/C=C1\C(=O)NC(=O)N(c2ccc(Cl)cc2)C1=O,408783701,6
CCOC(=O)COc1ccc(/C=C2\C(=O)NC(=O)N(c3cccc(F)c3)C2=O)cc1,408913664,6
CCOc1ccc(N2C(=O)NC(=O)/C(=C\c3ccccc3OCC(=O)O)C2=O)cc1,2281291,6
O=C(O)COc1ccccc1/C=C1\C(=O)NC(=O)N(c2ccccc2Cl)C1=O,409047383,6
NC(=O)COc1ccc(/C=C2\C(=O)NC(=O)N(c3ccc(F)cc3)C2=O)cc1Cl,409226123,6
C#CCOc1cc(OC)ccc1/C=C1\C(=O)NC(=O)N(c2ccc(OC)cc2)C1=O,408819652,6
C#CCOc1ccc(/C=C2\C(=O)NC(=O)N(c3ccc([N+](=O)[O-])cc3)C2=O)cc1OC,408937293,6
C#CCOc1ccc(/C=C2\C(=O)NC(=O)N(c3cccc([N+](=O)[O-])c3)C2=O)cc1OC,408809611,6
C#CCOc1ccc(/C=C2\C(=O)NC(=O)N(c3ccc(C(=O)OC)cc3)C2=O)cc1,408803719,6
C#CCOc1ccc(/C=C2\C(=O)NC(=O)N(c3ccc(OC)cc3)C2=O)cc1OC,408801711,6
C#CCOc1ccc(/C=C2\C(=O)NC(=O)N(c3ccc(O)cc3)C2=O)cc1OCC,5006503,6
CCCN1C(=O)NC(=O)[C@@]2(Cc3cc([N+](=O)[O-])ccc3N3CCCCC[C@H]32)C1=O,230038694,3
C[C@H]1CCN2c3ccc([N+](=O)[O-])cc3C[C@@]3(C(=O)NC(=S)N(C4CC4)C3=O)[C@@H]2C1,17057401,3
CC[C@@H](C)N1C(=O)NC(=O)[C@@]2(Cc3cc([N+](=O)[O-])ccc3N3CCCC[C@@H]32)C1=O,8997069,3
C[C@H]1CCN2c3ccc([N+](=O)[O-])cc3C[C@]3(C(=O)NC(=S)N(C4CC4)C3=O)[C@@H]2C1,8739146,3
CC1(C)C[C@@H]2C[C@](C)(C1)[C@@H]1N2c2ccc([N+](=O)[O-])cc2CC12C(=O)NC(=O)NC2=O,9111243,3
CCCN1C(=O)[C@@]2(Cc3cc([N+](=O)[O-])ccc3N3CCCC[C@H]32)C(=O)NC1=S,230042035,3
CC[C@@H](C)N1C(=O)NC(=O)[C@]2(Cc3cc([N+](=O)[O-])ccc3N3CCCC[C@@H]32)C1=O,8994235,3
CCCN1C(=O)[C@]2(Cc3cc([N+](=O)[O-])ccc3N3CCCC[C@@H]32)C(=O)NC1=S,9122835,3
CCCN1C(=O)[C@@]2(Cc3cc([N+](=O)[O-])ccc3N3CCCC[C@@H]32)C(=O)NC1=S,9122834,3
CCCN1C(=O)[C@]2(Cc3cc([N+](=O)[O-])ccc3N3CCCC[C@H]32)C(=O)NC1=S,230042029,3
CC1(C)C[C@H]2C[C@](C)(C1)[C@@H]1N2c2ccc([N+](=O)[O-])cc2CC12C(=O)NC(=O)NC2=O,101346121,3
CC1(C)C[C@@H]2C[C@@](C)(C1)[C@@H]1N2c2ccc([N+](=O)[O-])cc2CC12C(=O)NC(=O)NC2=O,101346119,3
CN1C(=O)NC(=O)[C@@]2(Cc3cc([N+](=O)[O-])ccc3N3C[C@@H](c4ccccc4)C[C@@H]32)C1=O,9128882,3
CN1C(=O)NC(=O)[C@]2(Cc3cc([N+](=O)[O-])ccc3N3C[C@@H](c4ccccc4)C[C@@H]32)C1=O,9128881,3
CC[C@H](C)N1C(=O)NC(=O)[C@]2(Cc3cc([N+](=O)[O-])ccc3N3CCCC[C@H]32)C1=O,229901411,3
CC(C)N1C(=O)NC(=O)[C@]2(Cc3cc([N+](=O)[O-])ccc3N3CCCCC[C@@H]32)C1=O,9016115,3
CCN1C(=O)[C@]2(Cc3cc([N+](=O)[O-])ccc3N3CC[C@@H](C)C[C@H]32)C(=O)N(C)C1=S,230030475,3
CCCN1C(=O)NC(=O)[C@]2(Cc3cc([N+](=O)[O-])ccc3N3CC[C@@H](C)C[C@H]32)C1=O,230038719,3
CCN1C(=O)C2(Cc3cc([N+](=O)[O-])ccc3N3CCCC[C@H]32)C(=O)N(CC)C1=S,5896703,3
O=C1NC(=S)N(C2CC2)C(=O)[C@]12Cc1cc([N+](=O)[O-])ccc1N1CCCCC[C@H]12,9109824,3
O=C1NC(=O)[C@@]2(Cc3cc([N+](=O)[O-])ccc3N3CCC[C@@H]32)C(=O)N1Cc1ccccc1,8974817,3
CCN1C(=O)[C@@]2(Cc3cc([N+](=O)[O-])ccc3N3CCCC[C@@H]32)C(=O)N(C)C1=S,4624649,3
CCN1C(=O)[C@]2(Cc3cc([N+](=O)[O-])ccc3N3CC[C@H](C)C[C@@H]32)C(=O)N(C)C1=S,248004789,3
CN1C(=O)C2(Cc3cc([N+](=O)[O-])ccc3N3CCCCC[C@H]32)C(=O)N(C)C1=S,6672855,3
CCCN1C(=O)NC(=O)[C@]2(Cc3cc([N+](=O)[O-])ccc3N3CCCCC[C@@H]32)C1=O,4594382,3
CC[C@H](C)N1C(=O)NC(=O)[C@]2(Cc3cc([N+](=O)[O-])ccc3N3CCCC[C@@H]32)C1=O,8994237,3
CCN1C(=O)[C@]2(Cc3cc([N+](=O)[O-])ccc3N3CC[C@@H](C)C[C@@H]32)C(=O)N(C)C1=S,4624654,3
CCCN1C(=O)N(C)C(=O)[C@@]2(Cc3cc([N+](=O)[O-])ccc3N3CCCC[C@@H]32)C1=O,4594358,3
CC(C)N1C(=O)NC(=O)[C@@]2(Cc3cc([N+](=O)[O-])ccc3N3CCCCC[C@@H]32)C1=O,9016116,3
CC(C)N1C(=O)[C@]2(Cc3cc([N+](=O)[O-])ccc3N3CCCC[C@@H]32)C(=O)NC1=S,8742946,3
CN1C(=O)C2(Cc3cc([N+](=O)[O-])ccc3N3CCCCC[C@@H]32)C(=O)N(C)C1=S,6672850,3
CCCN1C(=O)NC(=O)[C@]2(Cc3cc([N+](=O)[O-])ccc3N3CCCCC[C@H]32)C1=O,230038701,3
CCCN1C(=O)N(C)C(=O)[C@@]2(Cc3cc([N+](=O)[O-])ccc3N3CCCC[C@H]32)C1=O,230038624,3
C[C@@H]1CCN2c3ccc([N+](=O)[O-])cc3C[C@@]3(C(=O)NC(=S)N(C4CC4)C3=O)[C@@H]2C1,17057399,3
O=C(NCCCN1CCCC1=O)[C@@H]1Cc2cc([N+](=O)[O-])ccc2N2CCCC[C@@H]12,23187119,3
CCN1C(=O)[C@]2(Cc3cc([N+](=O)[O-])ccc3N3CC[C@H](C)C[C@H]32)C(=O)N(C)C1=S,248004777,3
CCCN1C(=O)NC(=O)[C@@]2(Cc3cc([N+](=O)[O-])ccc3N3CCCCC[C@@H]32)C1=O,4594385,3
CC(C)N1C(=O)NC(=O)[C@]2(Cc3cc([N+](=O)[O-])ccc3N3CCCCC[C@H]32)C1=O,229887141,3
CCN1C(=O)[C@]2(Cc3cc([N+](=O)[O-])ccc3N3CCCC[C@@H]32)C(=O)N(C)C1=S,4624652,3
CCCN1C(=O)NC(=O)[C@]2(Cc3cc([N+](=O)[O-])ccc3N3CC[C@@H](C)C[C@@H]32)C1=O,4594387,3
O=C1NC(=S)N(C2CC2)C(=O)[C@]12Cc1cc([N+](=O)[O-])ccc1N1CCCCC[C@@H]12,9109822,3
CCN1C(=O)[C@@]2(Cc3cc([N+](=O)[O-])ccc3N3CCCC[C@H]32)C(=O)N(C)C1=S,230030467,3
CN1C(=O)NC(=O)[C@]2(Cc3cc([N+](=O)[O-])ccc3N3C[C@H](c4ccccc4)C[C@H]32)C1=O,229904724,3
O=C(NCCCN1CCCC1=O)[C@H]1Cc2cc([N+](=O)[O-])ccc2N2CCCC[C@H]12,36075293,3
CN1C(=O)C2(Cc3cc([N+](=O)[O-])ccc3N3CCCC[C@]32C)C(=O)N(C)C1=S,6671629,3
CN1C(=O)NC(=O)[C@]2(Cc3cc([N+](=O)[O-])ccc3N3C[C@@H](c4ccccc4)C[C@H]32)C1=O,245325959,3
CC1(C)C[C@H]2C[C@@](C)(C1)[C@@H]1N2c2ccc([N+](=O)[O-])cc2CC12C(=O)NC(=O)NC2=O,9111242,3
O=C1NC(=S)N(C2CC2)C(=O)[C@@]12Cc1cc([N+](=O)[O-])ccc1N1CCCCC[C@@H]12,9109821,3
CCN1C(=O)[C@@]2(Cc3cc([N+](=O)[O-])ccc3N3CC[C@@H](C)C[C@@H]32)C(=O)N(C)C1=S,4624653,3
CCN1C(=O)[C@]2(Cc3cc([N+](=O)[O-])ccc3N3CCCC[C@H]32)C(=O)N(C)C1=S,230030464,3
CC(C)N1C(=O)NC(=O)[C@@]2(Cc3cc([N+](=O)[O-])ccc3N3CCCCC[C@H]32)C1=O,229887134,3
O=C(NCCCN1CCCC1=O)[C@@H]1Cc2cc([N+](=O)[O-])ccc2N2CCCC[C@H]12,36075294,3
O=C1NC(=S)N(C2CC2)C(=O)[C@@]12Cc1cc([N+](=O)[O-])ccc1N1CCCCC[C@H]12,9109823,3
O=C1NC(=O)[C@@]2(Cc3cc([N+](=O)[O-])ccc3N3CCC[C@H]32)C(=O)N1Cc1ccccc1,229904919,3
C[C@@H]1CCN2c3ccc([N+](=O)[O-])cc3C[C@]3(C(=O)NC(=S)N(C4CC4)C3=O)[C@@H]2C1,8739145,3
CCCN1C(=O)NC(=O)[C@@]2(Cc3cc([N+](=O)[O-])ccc3N3CC[C@@H](C)C[C@@H]32)C1=O,4594390,3
CCCN1C(=O)N(C)C(=O)[C@]2(Cc3cc([N+](=O)[O-])ccc3N3CCCC[C@H]32)C1=O,230038631,3
CC[C@H](C)N1C(=O)NC(=O)[C@@]2(Cc3cc([N+](=O)[O-])ccc3N3CCCC[C@@H]32)C1=O,8997070,3
CN1C(=O)NC(=O)[C@]2(Cc3cc([N+](=O)[O-])ccc3N3C[C@H](c4ccccc4)C[C@@H]32)C1=O,245325961,3
CCCN1C(=O)N(C)C(=O)[C@]2(Cc3cc([N+](=O)[O-])ccc3N3CCCC[C@@H]32)C1=O,4594356,3
CN1C(=O)C2(Cc3cc([N+](=O)[O-])ccc3N3CCCC[C@@]32C)C(=O)N(C)C1=S,6671631,3
CCCN1C(=O)NC(=O)[C@]2(Cc3cc([N+](=O)[O-])ccc3N3CC[C@H](C)C[C@H]32)C1=O,247845777,3
CC(C)N1C(=O)[C@@]2(Cc3cc([N+](=O)[O-])ccc3N3CCCC[C@@H]32)C(=O)NC1=S,8742945,3
O=C1NC(=O)[C@@]2(Cc3cc([N+](=O)[O-])ccc3N3CCC[C@H]32)C(=O)N1c1ccccc1,229901215,3
CC[C@H](C)N1C(=O)NC(=O)[C@@]2(Cc3cc([N+](=O)[O-])ccc3N3CCCC[C@H]32)C1=O,229901397,3
O=C(NCCCN1CCCC1=O)[C@H]1Cc2cc([N+](=O)[O-])ccc2N2CCCC[C@@H]12,23187121,3
CCCN1C(=O)NC(=O)[C@]2(Cc3cc([N+](=O)[O-])ccc3N3CC[C@H](C)C[C@@H]32)C1=O,103018396,3
CCN1C(=O)C2(Cc3cc([N+](=O)[O-])ccc3N3CCCC[C@@H]32)C(=O)N(CC)C1=S,5896696,3
O=C1NC(=O)[C@]2(Cc3cc([N+](=O)[O-])ccc3N3CCC[C@@H]32)C(=O)N1Cc1ccccc1,8974816,3
Cc1c(Cl)cccc1N1/C(=N/C(=O)CCC(=O)O)S[C@H]2CS(=O)(=O)C[C@@H]21,5516365,2
Cc1c(Cl)cccc1N1/C(=N/C(=O)CCC(=O)O)S[C@H]2CS(=O)(=O)C[C@H]21,5516364,2
C=CCN1C(=O)/C(=C/c2c(NCCOC)nc3c(C)cccn3c2=O)SC1=S,12747073,4
CN1C(=O)/C(=C/c2c(NC[C@@H]3CCCO3)nc3ccccn3c2=O)SC1=S,1250932,4
CC[C@H](CO)Nc1nc2c(C)cccn2c(=O)c1/C=C1\SC(=S)N(CC)C1=O,13647445,4
CCCCN1C(=O)/C(=C/c2c(NCCCO)nc3ccccn3c2=O)SC1=S,1835507,4
CC[C@@H](CO)Nc1nc2c(C)cccn2c(=O)c1/C=C1\SC(=S)N(CC)C1=O,13647442,4
CCCNc1nc2ccccn2c(=O)c1/C=C1\SC(=S)N(CCOC)C1=O,12759906,4
CCCCN1C(=O)/C(=C\c2c(NCCO)nc3c(C)cccn3c2=O)SC1=S,6042632,4
COCCN1C(=O)/C(=C/c2c(N3CCCC3)nc3ccccn3c2=O)SC1=S,6627073,4
Cc1cccn2c(=O)c(/C=C3\SC(=S)N(C(C)C)C3=O)c(NCCO)nc12,2390523,4
COCCNc1nc2ccccn2c(=O)c1/C=C1\SC(=S)N(C(C)C)C1=O,1905292,4
CCN1C(=O)/C(=C/c2c(N3CCOCC3)nc3c(C)cccn3c2=O)SC1=S,1190366,4
Cc1cccn2c(=O)c(/C=C3\SC(=S)N(C)C3=O)c(NC[C@H]3CCCO3)nc12,12796838,4
CC[C@@H](CO)Nc1nc2c(C)cccn2c(=O)c1/C=C1\SC(=S)N(C)C1=O,13647674,4
CCCCN1C(=O)/C(=C\c2c(NCCO)nc3ccccn3c2=O)SC1=S,5825116,4
CCCCN1C(=O)/C(=C/c2c(NCCO)nc3c(C)cccn3c2=O)SC1=S,2992050,4
CCN1C(=O)/C(=C\c2c(N3CCOCC3)nc3ccc(C)cn3c2=O)SC1=S,6046414,4
CCCN1C(=O)/C(=C/c2c(NCCOC)nc3ccccn3c2=O)SC1=S,1805162,4
CC[C@H](C)N1C(=O)/C(=C/c2c(NCCO)nc3c(C)cccn3c2=O)SC1=S,5042501,4
CCN1C(=O)/C(=C/c2c(N3CCSCC3)nc3ccccn3c2=O)SC1=S,2329911,4
CC(C)CN1C(=O)/C(=C/c2c(NCCCO)nc3ccccn3c2=O)SC1=S,1883110,4
Cc1ccc2nc(NCCCN(C)C)c(/C=C3\SC(=S)N(C)C3=O)c(=O)n2c1,2712984,4
Cc1cccn2c(=O)c(/C=C3\SC(=S)NC3=O)c(NC[C@H]3CCCO3)nc12,13427398,4
Cc1cccn2c(=O)c(/C=C3\SC(=S)N(C)C3=O)c(N3CCSCC3)nc12,9014081,4
CNc1nc2c(C)cccn2c(=O)c1/C=C1\SC(=S)N(C[C@H]2CCCO2)C1=O,13427020,4
CC[C@H](C)N1C(=O)/C(=C/c2c(NCCO)nc3ccc(C)cn3c2=O)SC1=S,2620773,4
CCCCN1C(=O)/C(=C/c2c(NCCO)nc3ccccn3c2=O)SC1=S,2228031,4
CNc1nc2ccccn2c(=O)c1/C=C1\SC(=S)N(C[C@H]2CCCO2)C1=O,13551863,4
CNc1nc2ccccn2c(=O)c1/C=C1\SC(=S)N(C[C@@H]2CCCO2)C1=O,13551860,4
CC[C@@H](C)N1C(=O)/C(=C/c2c(NCCO)nc3ccc(C)cn3c2=O)SC1=S,6355837,4
CCNc1nc2ccccn2c(=O)c1/C=C1\SC(=S)N(CCCC(=O)O)C1=O,12377928,4
CC[C@@H](C)N1C(=O)/C(=C/c2c(NCCO)nc3ccccn3c2=O)SC1=S,5042498,4
CN(C)c1nc2ccccn2c(=O)c1/C=C1\SC(=S)N(C[C@@H]2CCCO2)C1=O,13535685,4
CCCN1C(=O)/C(=C\c2c(NCCOC)nc3ccccn3c2=O)SC1=S,5850784,4
CC[C@H](CO)Nc1nc2c(C)cccn2c(=O)c1/C=C1\SC(=S)N(C)C1=O,13647677,4
CC[C@H](C)N1C(=O)/C(=C/c2c(NCCO)nc3ccccn3c2=O)SC1=S,5042499,4
CN1C(=O)/C(=C/c2c(NC[C@H]3CCCO3)nc3ccccn3c2=O)SC1=S,1250930,4
CCCCN1C(=O)/C(=C\c2c(NCCCO)nc3ccccn3c2=O)SC1=S,6068454,4
CCCN1C(=O)/C(=C/c2c(N3CCOCC3)nc3ccccn3c2=O)SC1=S,1166576,4
Cc1cccn2c(=O)c(/C=C3\SC(=S)N(C)C3=O)c(NC[C@@H]3CCCO3)nc12,12796836,4
CC(C)N1C(=O)/C(=C\c2c(N3CCOCC3)nc3ccccn3c2=O)SC1=S,5834737,4
Cc1cccn2c(=O)c(/C=C3\SC(=S)NC3=O)c(NC[C@@H]3CCCO3)nc12,13427396,4
CC(C)N1C(=O)/C(=C/c2c(NCCCO)nc3ccccn3c2=O)SC1=S,1835888,4
CCN1C(=O)/C(=C/c2c(N3CCOCC3)nc3ccc(C)cn3c2=O)SC1=S,4811875,4
CNc1nc2c(C)cccn2c(=O)c1/C=C1\SC(=S)N(C[C@@H]2CCCO2)C1=O,13427018,4
CC[C@@H](C)N1C(=O)/C(=C/c2c(NCCO)nc3c(C)cccn3c2=O)SC1=S,5042500,4
CC(C)CNc1nc2ccccn2c(=O)c1/C=C1\SC(=S)N(CC(=O)O)C1=O,2255316,4
CCCN1C(=O)/C(=C/c2c(NCCCO)nc3ccccn3c2=O)SC1=S,1836670,4
CCN1C(=O)/C(=C/c2c(NCCOC)nc3c(C)cccn3c2=O)SC1=S,1749591,4
CN1C(=O)/C(=C/c2c(N3CCSCC3)nc3ccccn3c2=O)SC1=S,2252545,4
CC(C)N1C(=O)/C(=C/c2c(N3CCOCC3)nc3ccccn3c2=O)SC1=S,1252757,4
CC[C@@H](CO)Nc1nc2ccccn2c(=O)c1/C=C1\SC(=S)N(CC)C1=O,16736179,4
CC[C@H](CO)Nc1nc2ccccn2c(=O)c1/C=C1\SC(=S)N(CC)C1=O,16736182,4
CCOCCCNc1nc2ccccn2c(=O)c1/C=C1\SC(=S)N(C)C1=O,13618232,4
CCN1C(=O)/C(=C\c2c(N3CCOCC3)nc3c(C)cccn3c2=O)SC1=S,5790772,4
CCN1C(=O)/C(=C/c2c(NCCCOC)nc3ccccn3c2=O)SC1=S,4311304,4
Cc1cccn2c(=O)c(/C=C3\SC(=S)N(CC(C)C)C3=O)c(NCCO)nc12,2520566,4
CN(C)c1nc2ccccn2c(=O)c1/C=C1\SC(=S)N(C[C@H]2CCCO2)C1=O,13535689,4
C=CCN1C(=O)/C(=C\c2c(NCCOC)nc3ccccn3c2=O)SC1=S,2252322,4
C=CCNc1nc2ccccn2c(=O)c1/C=C1\SC(=S)N(CCOC)C1=O,2986462,4
COc1cccc(N(CC(=O)Nc2cc([N+](=O)[O-])ccc2OC)S(C)(=O)=O)c1,1141843,1
COc1ccc(C)cc1NC(=O)CN(c1cc([N+](=O)[O-])ccc1OC)S(C)(=O)=O,409409255,1
CCOc1ccc(NC(=O)CN(c2cc([N+](=O)[O-])ccc2OC)S(C)(=O)=O)cc1,108022823,1
COc1ccc(NC(=O)[C@@H](C)N(c2cccc([N+](=O)[O-])c2)S(C)(=O)=O)c(OC)c1,220401996,1
COCc1cccc(NC(=O)CN(c2cc([N+](=O)[O-])ccc2OC)S(C)(=O)=O)c1,223882986,1
COc1ccc(OC)c(N([C@H](C)C(=O)Nc2cccc([N+](=O)[O-])c2)S(C)(=O)=O)c1,220214775,1
COc1ccc(OC)c(NC(=O)[C@H](C)N(c2cccc([N+](=O)[O-])c2)S(C)(=O)=O)c1,220402384,1
COc1ccc([N+](=O)[O-])cc1NC(=O)CN(c1ccccc1OC)S(C)(=O)=O,409120973,1
COc1cccc(N([C@H](C)C(=O)Nc2cc([N+](=O)[O-])ccc2OC)S(C)(=O)=O)c1,220170115,1
COc1cccc(N([C@@H](C)C(=O)Nc2cc([N+](=O)[O-])ccc2OC)S(C)(=O)=O)c1,220170059,1
COc1ccc(OC)c(N(CC(=O)Nc2cc([N+](=O)[O-])ccc2C)S(C)(=O)=O)c1,409330985,1
COc1ccc(NC(=O)[C@H](C)N(c2cccc([N+](=O)[O-])c2)S(C)(=O)=O)c(OC)c1,220402059,1
COc1ccc(OC)c(N([C@@H](C)C(=O)Nc2cccc([N+](=O)[O-])c2)S(C)(=O)=O)c1,220214700,1
COc1ccccc1NC(=O)CN(c1cc([N+](=O)[O-])ccc1OC)S(C)(=O)=O,35152290,1
COc1ccc(OC)c(NC(=O)[C@@H](C)N(c2cccc([N+](=O)[O-])c2)S(C)(=O)=O)c1,220402308,1
COc1ccc([N+](=O)[O-])cc1NC(=O)CN(c1ccc(F)c(F)c1)S(C)(=O)=O,408679478,1
COc1ccc(N([C@@H](C)C(=O)Nc2cccc([N+](=O)[O-])c2)S(C)(=O)=O)cc1OC,220233774,1
CCOc1cccc(NC(=O)CN(c2cc([N+](=O)[O-])ccc2OC)S(C)(=O)=O)c1,10294689,1
CCS(=O)(=O)N(CC(=O)Nc1cccc([N+](=O)[O-])c1)c1ccc2c(c1)OCO2,408703697,1
COc1ccc(N(CC(=O)Nc2cc([N+](=O)[O-])ccc2OC)S(C)(=O)=O)cc1,409138455,1
COc1ccc(NC(=O)CN(c2cccc([N+](=O)[O-])c2C)S(C)(=O)=O)c(OC)c1,220024583,1
COc1ccc(N([C@H](C)C(=O)Nc2cccc([N+](=O)[O-])c2)S(C)(=O)=O)cc1OC,220233849,1
COc1ccc([N+](=O)[O-])cc1NC(=O)CN(c1cc(C)ccc1OC)S(C)(=O)=O,409121405,1
CCS(=O)(=O)N(CC(=O)Nc1cccc([N+](=O)[O-])c1)c1ccc2c(c1)OCCO2,408705315,1
COc1ccc(OC)c(NC(=O)CN(c2cccc([N+](=O)[O-])c2C)S(C)(=O)=O)c1,220024758,1
COc1ccc([N+](=O)[O-])cc1N(CC(=O)Nc1ccc(F)cc1F)S(C)(=O)=O,113936896,1
CCOc1ccccc1N(CC(=O)Nc1cc([N+](=O)[O-])ccc1OC)S(C)(=O)=O,409146244,1
CCOc1cccc(N(CC(=O)Nc2cc([N+](=O)[O-])ccc2OC)S(C)(=O)=O)c1,22391063,1
COc1ccc([N+](=O)[O-])cc1NC(=O)CN(c1ccc(F)cc1F)S(C)(=O)=O,220086456,1
COc1ccc(NC(=O)[C@H](C)N(c2cccc([N+](=O)[O-])c2)S(C)(=O)=O)cc1OC,220402705,1
COc1ccc(OC)c(NC(=O)CN(c2cc([N+](=O)[O-])ccc2C)S(C)(=O)=O)c1,10358440,1
COc1cccc(NC(=O)CN(c2cc([N+](=O)[O-])ccc2OC)S(C)(=O)=O)c1,33382662,1
COc1ccc(OC)c(N(CC(=O)Nc2cccc([N+](=O)[O-])c2C)S(C)(=O)=O)c1,409312601,1
COc1ccc(NC(=O)[C@@H](C)N(c2cccc([N+](=O)[O-])c2)S(C)(=O)=O)cc1OC,220402642,1
COc1ccc(NC(=O)CN(c2cc([N+](=O)[O-])ccc2OC)S(C)(=O)=O)cc1,33397918,1
COc1ccc([N+](=O)[O-])cc1N(CC(=O)Nc1ccc(F)c(F)c1)S(C)(=O)=O,113937048,1
COc1ccc(N(CC(=O)Nc2cccc([N+](=O)[O-])c2)S(C)(=O)=O)c(OC)c1,1138640,1
COc1ccc([N+](=O)[O-])cc1N(CC(=O)Nc1cccc(C(C)=O)c1)S(C)(=O)=O,2877888,1
COc1ccc(OC)c(NC(=O)CN(c2cccc([N+](=O)[O-])c2)S(C)(=O)=O)c1,1137351,1
COc1ccc(NC(=O)CN(c2cc([N+](=O)[O-])ccc2C)S(C)(=O)=O)c(OC)c1,2844543,1
COc1ccc(NC(=O)CN(c2cccc([N+](=O)[O-])c2)S(C)(=O)=O)cc1OC,1115910,1
CCOc1ccc(N(CC(=O)Nc2cc([N+](=O)[O-])ccc2OC)S(C)(=O)=O)cc1,1118443,1
COc1ccc([N+](=O)[O-])cc1N(CC(=O)Nc1c(F)cccc1F)S(C)(=O)=O,2871981,1
COc1ccc(N([C@H](C)C(=O)Nc2cc([N+](=O)[O-])ccc2OC)S(C)(=O)=O)cc1,1144011,1
COc1ccc(N(CC(=O)Nc2cccc([N+](=O)[O-])c2)S(C)(=O)=O)cc1OC,1132150,1
COc1ccc(N(CC(=O)Nc2cc([N+](=O)[O-])ccc2C)S(C)(=O)=O)c(OC)c1,16347398,1
COc1ccc(N(CC(=O)Nc2cccc([N+](=O)[O-])c2C)S(C)(=O)=O)c(OC)c1,16250192,1
COc1ccc(OC)c(N(CC(=O)Nc2cccc([N+](=O)[O-])c2)S(C)(=O)=O)c1,1137174,1
CCOc1ccccc1NC(=O)CN(c1cc([N+](=O)[O-])ccc1OC)S(C)(=O)=O,16693519,1
COc1ccc([N+](=O)[O-])cc1NC(=O)CN(c1cccc(C(C)=O)c1)S(C)(=O)=O,3017740,1
COc1ccc(NC(=O)CN(c2cccc([N+](=O)[O-])c2)S(C)(=O)=O)c(OC)c1,1137621,1
COc1ccc(N([C@@H](C)C(=O)Nc2cc([N+](=O)[O-])ccc2OC)S(C)(=O)=O)cc1,1144009,1
COc1ccc(N(CC(=O)Nc2cc([N+](=O)[O-])ccc2C)S(C)(=O)=O)cc1OC,2851378,1
CCOc1ccc(CNC(=O)CN(c2cccc([N+](=O)[O-])c2)S(C)(=O)=O)cc1,10448725,1
CCOc1cccc(CNC(=O)CN(c2cc([N+](=O)[O-])ccc2C)S(C)(=O)=O)c1,44845623,1
COc1ccccc1CNC(=O)[C@H](C)N(c1cccc([N+](=O)[O-])c1)S(C)(=O)=O,220405471,1
COc1ccc(CN(C)C(=O)CN(c2cccc([N+](=O)[O-])c2C)S(C)(=O)=O)cc1,220021970,1
COc1ccccc1[C@H](C)NC(=O)CN(c1cccc([N+](=O)[O-])c1)S(C)(=O)=O,224148209,1
CCOc1ccccc1CNC(=O)[C@H](C)N(c1cccc([N+](=O)[O-])c1)S(C)(=O)=O,220419686,1
CCOc1ccc(CNC(=O)CN(c2cc([N+](=O)[O-])ccc2C)S(C)(=O)=O)cc1,13649639,1
CC(C)Oc1cccc(CNC(=O)CN(c2cccc([N+](=O)[O-])c2)S(C)(=O)=O)c1,22347881,1
COc1ccccc1[C@@H](C)NC(=O)CN(c1cccc([N+](=O)[O-])c1)S(C)(=O)=O,224148155,1
CCOc1ccccc1CNC(=O)CN(c1cccc([N+](=O)[O-])c1)S(C)(=O)=O,20488829,1
COc1ccc(CNC(=O)[C@@H](C)N(c2cc([N+](=O)[O-])ccc2C)S(C)(=O)=O)cc1,220384201,1
COc1ccc([N+](=O)[O-])cc1N(CC(=O)N(C)Cc1ccc(C)cc1)S(C)(=O)=O,44839903,1
Cc1ccc(OCCNC(=O)[C@@H](C)N(c2cccc([N+](=O)[O-])c2)S(C)(=O)=O)cc1,220416910,1
COc1ccc([C@@H](C)NC(=O)CN(c2cccc([N+](=O)[O-])c2)S(C)(=O)=O)cc1,20489935,1
CCOc1ccccc1CNC(=O)CN(c1cc([N+](=O)[O-])ccc1C)S(C)(=O)=O,30859690,1
CCOc1ccc(CNC(=O)CN(c2cccc([N+](=O)[O-])c2C)S(C)(=O)=O)cc1,220034574,1
CCOc1ccc(CNC(=O)[C@H](C)N(c2cccc([N+](=O)[O-])c2)S(C)(=O)=O)cc1,220418601,1
COc1ccccc1CN(C)C(=O)CN(c1cccc([N+](=O)[O-])c1)S(C)(=O)=O,20452822,1
Cc1ccc(OCCNC(=O)CN(c2cc([N+](=O)[O-])ccc2C)S(C)(=O)=O)cc1,22374795,1
Cc1ccc(OC[C@@H](C)NC(=O)CN(c2cccc([N+](=O)[O-])c2)S(C)(=O)=O)cc1,22348137,1
COc1ccccc1CN(C)C(=O)CN(c1cc([N+](=O)[O-])ccc1C)S(C)(=O)=O,20460669,1
CCOc1ccc(CNC(=O)[C@@H](C)N(c2cccc([N+](=O)[O-])c2)S(C)(=O)=O)cc1,220418524,1
CC[C@H](C(=O)NCc1ccc(OC)cc1)N(c1cccc([N+](=O)[O-])c1)S(C)(=O)=O,222518632,1
COc1ccc(CN(C)C(=O)[C@@H](C)N(c2cccc([N+](=O)[O-])c2)S(C)(=O)=O)cc1,220398045,1
COc1ccc(CN(C)C(=O)[C@H](C)N(c2cccc([N+](=O)[O-])c2)S(C)(=O)=O)cc1,220398103,1
COc1ccc([N+](=O)[O-])cc1N(CC(=O)N[C@H](C)c1ccccc1)S(C)(=O)=O,6932255,1
COc1ccc(CNC(=O)[C@H](C)N(c2cc([N+](=O)[O-])ccc2C)S(C)(=O)=O)cc1,220384262,1
CC[C@@H](C(=O)NCc1ccc(OC)cc1)N(c1cccc([N+](=O)[O-])c1)S(C)(=O)=O,222518559,1
COc1ccc(CNC(=O)[C@H](C)N(c2cccc([N+](=O)[O-])c2)S(C)(=O)=O)cc1,220405624,1
COc1ccccc1CNC(=O)[C@@H](C)N(c1cccc([N+](=O)[O-])c1)S(C)(=O)=O,220405403,1
Cc1cc(C)cc(OCCNC(=O)CN(c2cccc([N+](=O)[O-])c2)S(C)(=O)=O)c1,224067948,1
Cc1ccc(OCCNC(=O)[C@H](C)N(c2cccc([N+](=O)[O-])c2)S(C)(=O)=O)cc1,220416971,1
Cc1ccccc1OC[C@@H](C)NC(=O)CN(c1cccc([N+](=O)[O-])c1)S(C)(=O)=O,22348128,1
Cc1ccc(OCCNC(=O)CN(c2cccc([N+](=O)[O-])c2)S(C)(=O)=O)c(C)c1,223776037,1
COc1ccc([N+](=O)[O-])cc1N(CC(=O)N[C@@H](C)c1ccccc1)S(C)(=O)=O,6929851,1
COc1ccc(CNC(=O)[C@@H](C)N(c2cccc([N+](=O)[O-])c2)S(C)(=O)=O)cc1,220405570,1
CC(C)Oc1ccc(CNC(=O)CN(c2cccc([N+](=O)[O-])c2)S(C)(=O)=O)cc1,20451223,1
CCOc1ccccc1CNC(=O)[C@@H](C)N(c1cccc([N+](=O)[O-])c1)S(C)(=O)=O,220419615,1
CCOc1cccc(CNC(=O)CN(c2cccc([N+](=O)[O-])c2C)S(C)(=O)=O)c1,220035140,1
COc1ccc([C@H](C)NC(=O)CN(c2cccc([N+](=O)[O-])c2)S(C)(=O)=O)cc1,20489937,1
CCOc1ccccc1CNC(=O)CN(c1cccc([N+](=O)[O-])c1C)S(C)(=O)=O,220035225,1
CCOc1cccc(CNC(=O)CN(c2cccc([N+](=O)[O-])c2)S(C)(=O)=O)c1,30752495,1
COc1ccc(CCCNC(=O)CN(c2cccc([N+](=O)[O-])c2)S(C)(=O)=O)cc1,22347929,1
COc1ccc(CN(C)C(=O)CN(c2cc([N+](=O)[O-])ccc2C)S(C)(=O)=O)cc1,10366064,1
CCOc1cccc(CNC(=O)[C@H](C)N(c2cccc([N+](=O)[O-])c2)S(C)(=O)=O)c1,220419530,1
CCc1ccc(OCCNC(=O)CN(c2cccc([N+](=O)[O-])c2)S(C)(=O)=O)cc1,223775946,1
Cc1ccc(OC[C@H](C)NC(=O)CN(c2cccc([N+](=O)[O-])c2)S(C)(=O)=O)cc1,22348133,1
Cc1ccccc1OC[C@H](C)NC(=O)CN(c1cccc([N+](=O)[O-])c1)S(C)(=O)=O,22348124,1
Cc1ccc(C)c(OCCNC(=O)CN(c2cccc([N+](=O)[O-])c2)S(C)(=O)=O)c1,223995643,1
CCOc1cccc(CNC(=O)[C@@H](C)N(c2cccc([N+](=O)[O-])c2)S(C)(=O)=O)c1,220419463,1
Cc1ccc(OCCNC(=O)CN(c2cccc([N+](=O)[O-])c2)S(C)(=O)=O)cc1C,223776199,1
COc1ccc(CN(C)C(=O)CN(c2cccc([N+](=O)[O-])c2)S(C)(=O)=O)cc1,7871824,1
COc1ccc([N+](=O)[O-])cc1N(CC(=O)N(C)Cc1ccccc1)S(C)(=O)=O,1111007,1
